{"dFDFcorMAD": 0.09043334424495697, "phiPeakPIfit_rm2": -3.971949768874922, "dPhiPeakPIfit_rm2": 0.00030120259961453953, "ampPeakPIfit": 1.4945380746622878, "ampPeakPIfitEff": 1.4945380724809874, "dAmpPeakPIfit": 5.324297689572583e-05, "snrPIfit": 28070.144867918993, "indxPeakPIfit": 1787.1553575859266, "peakFDFimagFit": 1.2678687923907297, "peakFDFrealFit": 0.7855810316129395, "polAngleFit_deg": 29.108666852546246, "dPolAngleFit_deg": 0.0010205821840728177, "polAngle0Fit_deg": 29.108666852546246, "dPolAngle0Fit_deg": 0.001029818410197759, "Ifreq0": 15.956133939606005, "polyCoeffs": "0.0,0.57868373,0.45215014,0.048050135,-0.52416545,15.956134", "polyCoefferr": "0.0,0.46926868,0.037484623,0.0063654613,0.00033774582,0.00057656394", "polyOrd": 4, "IfitStat": 1, "IfitChiSqRed": 9.631098385874497, "fit_function": "log", "lam0Sq_m2": 0, "freq0_Hz": 1219018838.4694285, "fwhmRMSF": 16.90960121154785, "dQU": 0.00037999998312443495, "dFDFth": 5.324297689572583e-05, "units": "Jy/beam", "min_freq": 902708032.0, "max_freq": 1651708032.0, "N_channels": 57, "median_channel_width": 13374976.0, "fracPol": 0.09366542535540355, "sigmaAddQ": 262.8304775980804, "dSigmaAddMinusQ": 23.091999887246118, "dSigmaAddPlusQ": 27.02598903832228, "sigmaAddU": 100.82141198176063, "dSigmaAddMinusU": 8.858307850824914, "dSigmaAddPlusU": 10.368095716421635, "sigmaAddC": 198.36543567250555, "dSigmaAddMinusC": 12.577036225981999, "dSigmaAddPlusC": 14.048727400674466}