{"dFDFcorMAD": 0.0001929190184455365, "phiPeakPIfit_rm2": -4.003157413481706, "dPhiPeakPIfit_rm2": 0.00032739455992749115, "ampPeakPIfit": 1.3749732231680563, "ampPeakPIfitEff": 1.3749732207970742, "dAmpPeakPIfit": 5.324297689572583e-05, "snrPIfit": 25824.49936751066, "indxPeakPIfit": 1787.1330072065591, "peakFDFimagFit": 1.1683096777626067, "peakFDFrealFit": 0.7194166460469247, "polAngleFit_deg": 29.18812510170132, "dPolAngleFit_deg": 0.001109329917643343, "polAngle0Fit_deg": 29.18812510170132, "dPolAngle0Fit_deg": 0.001119369307049131, "cleanCutoff": 0.00047918679206153245, "nIter": 831, "mom2CCFDF": 128.99298095703125, "dPhiObserved_rm2": 0.0011862717080849455, "dAmpObserved": 0.0001929190184455365, "dPolAngleFitObserved_deg": 0.004019513019776354, "dPolAngleFit0Observed_deg": 0.0040558894446661616}