{
  "metadata": {
    "model_type": "S",
    "n_components": 1,
    "component_names": [
      "S1"
    ],
    "n_params": 3,
    "n_data": 98,
    "n_iter": 12383,
    "n_eff": 10201.150129962722,
    "ordering_enforced": true
  },
  "sampling_parameters": {
    "sampler_type": "dynamic",
    "n_cores": 15,
    "sampler_kwargs": {
      "bound": "multi",
      "sample": "rwalk",
      "walks": 70,
      "rstate": "Generator(PCG64)"
    },
    "run_kwargs": {
      "dlogz_init": 0.01,
      "nlive_init": 225,
      "nlive_batch": 75,
      "n_effective": 10000,
      "maxiter": null,
      "maxcall": null
    }
  },
  "evidence": {
    "logz": 90.41811233806362,
    "logzerr": 0.056896556225426935
  },
  "model_comparison": {
    "BIC": -177.28491107906646,
    "AIC": -185.03981351507818
  },
  "goodness_of_fit": {
    "best_sample": {
      "chi_squared": 97.1229902765842,
      "chi_squared_Q": 31.62109686172953,
      "chi_squared_U": 65.50189341485468,
      "reduced_chi_squared": 1.0223472660693074
    },
    "importance_weighted": {
      "chi_squared_mean": 99.4834421354361,
      "chi_squared_std": 0.19102482649984964,
      "reduced_chi_squared_mean": 1.0471941277414327
    },
    "dof": 95
  },
  "parameters": {
    "S1_a": {
      "parameter_type": "sampled",
      "mean": 0.08966387019153257,
      "std": 0.012343949392791218,
      "median": 0.08941458427524768,
      "eti_68": [
        0.07746260160695398,
        0.102107328916752
      ],
      "eti_99": [
        0.06127135846223534,
        0.11805864691825367
      ]
    },
    "S1_b": {
      "parameter_type": "sampled",
      "mean": 0.016785109368588298,
      "std": 0.011937792482977383,
      "median": 0.016679391864205143,
      "eti_68": [
        0.004886942655898871,
        0.028777811780617054
      ],
      "eti_99": [
        -0.01089055594595048,
        0.04405381327645483
      ]
    },
    "S1_phi_rm": {
      "parameter_type": "sampled",
      "mean": -1.392043941166306,
      "std": 0.6365426948238431,
      "median": -1.4005065376797845,
      "eti_68": [
        -2.033447660747293,
        -0.7621833643722028
      ],
      "eti_99": [
        -2.8278127117363465,
        0.1338335168559008
      ]
    },
    "S1_p0": {
      "parameter_type": "derived",
      "mean": 0.09199526799047783,
      "std": 0.012372964794277911,
      "median": 0.09191032424014281,
      "eti_68": [
        0.07972680213324693,
        0.10436159426827084
      ],
      "eti_99": [
        0.06361053136503991,
        0.12057805193273936
      ]
    },
    "S1_psi_0": {
      "parameter_type": "derived",
      "mean": 5.287892793094353,
      "std": 3.7554216025638296,
      "median": 5.264224796637583,
      "eti_68": [
        1.5833308199239085,
        9.034833289627414
      ],
      "eti_99": [
        -3.4779101934620007,
        13.98763862900058
      ]
    }
  },
  "processed_parameters": {
    "S1_psi_0": {
      "mean": 9.275804929378014,
      "median": 9.232002521975126,
      "std": 4.309413789299365,
      "eti_68": [
        5.0695068155614464,
        13.585183791466253
      ],
      "eti_99": [
        -1.9175500437842632,
        20.57009264529213
      ],
      "mode_1": {
        "mode": 9.365047357277163,
        "peak_height": 5.439703626925571,
        "hdi_68": [
          4.9299570667736425,
          13.420819897817996
        ],
        "hdi_99": [
          -1.6492017639891363,
          20.73109784227134
        ],
        "posterior_mass": 1.0,
        "likelihood_max": 95.5157960407888,
        "likelihood_std": 0.008371339507189131,
        "n_samples_in_hdi": 12383
      }
    },
    "S1_p0": {
      "mean": 0.09115478890819032,
      "median": 0.09108522813276416,
      "std": 0.012491413864233409,
      "eti_68": [
        0.0787741966664902,
        0.10363567648281981
      ],
      "eti_99": [
        0.05920447717163325,
        0.1227748697920698
      ],
      "mode_1": {
        "mode": 0.091237458238352,
        "peak_height": 31.635162772515685,
        "hdi_68": [
          0.07902104670963368,
          0.10383116354522252
        ],
        "hdi_99": [
          0.059198017268315556,
          0.12263142613209539
        ],
        "posterior_mass": 1.0,
        "likelihood_max": 95.51990675753909,
        "likelihood_std": 0.00824456514010022,
        "n_samples_in_hdi": 12383
      }
    },
    "S1_phi_rm": {
      "mean": -1.392043941166309,
      "median": -1.4005409490830079,
      "std": 0.6365426948238402,
      "eti_68": [
        -2.0334668012780774,
        -0.7623070872347387
      ],
      "eti_99": [
        -2.9874645159853888,
        0.2736116825402448
      ],
      "mode_1": {
        "mode": -1.494546447607496,
        "peak_height": 0.6231648519149784,
        "hdi_68": [
          -2.0407178075698806,
          -0.7711145447534875
        ],
        "hdi_99": [
          -2.9409122450361718,
          0.3042780914257064
        ],
        "posterior_mass": 1.0,
        "likelihood_max": 95.50017604568494,
        "likelihood_std": 0.007575288891111103,
        "n_samples_in_hdi": 12383
      }
    }
  },
  "stokes_i_fit": {
    "model": "power-law",
    "I0": 0.0012081407823471095,
    "I0_err": 1.8033564904816557e-05,
    "alpha_lambda2": 0.3559744336266768,
    "alpha_lambda2_err": 0.043489558895734866,
    "alpha_nu": -0.7119488672533536,
    "alpha_nu_err": 0.08697911779146973,
    "freq0_GHz": 1.28
  }
}