{
  "metadata": {
    "model_type": "ST",
    "n_components": 2,
    "component_names": [
      "S1",
      "T1"
    ],
    "n_params": 8,
    "n_data": 540,
    "n_iter": 27452,
    "n_eff": 10110.174593983518,
    "ordering_enforced": true
  },
  "sampling_parameters": {
    "sampler_type": "dynamic",
    "n_cores": 15,
    "sampler_kwargs": {
      "bound": "multi",
      "sample": "rwalk",
      "walks": 145,
      "rstate": "Generator(PCG64)"
    },
    "run_kwargs": {
      "dlogz_init": 0.01,
      "nlive_init": 600,
      "nlive_batch": 200,
      "n_effective": 10000,
      "maxiter": null,
      "maxcall": null
    }
  },
  "evidence": {
    "logz": 2442.09608801049,
    "logzerr": 0.1550768342254901
  },
  "model_comparison": {
    "BIC": -4896.779835111785,
    "AIC": -4931.112388228252
  },
  "goodness_of_fit": {
    "best_sample": {
      "chi_squared": 532.4097190488924,
      "chi_squared_Q": 267.60318301634976,
      "chi_squared_U": 264.8065360325427,
      "reduced_chi_squared": 1.0007701485881435
    },
    "importance_weighted": {
      "chi_squared_mean": 538.7910127594921,
      "chi_squared_std": 0.3196944686323595,
      "reduced_chi_squared_mean": 1.0127650615779926
    },
    "dof": 532
  },
  "parameters": {
    "S1_a": {
      "parameter_type": "sampled",
      "mean": 0.03623165970495454,
      "std": 0.022907493345673546,
      "median": 0.033300760340936965,
      "eti_68": [
        0.02886489779653966,
        0.0397666083630856
      ],
      "eti_99": [
        0.025148828040560275,
        0.05469859833162122
      ]
    },
    "S1_b": {
      "parameter_type": "sampled",
      "mean": 0.007410079129297471,
      "std": 0.03449522064627401,
      "median": 0.0044322817266827215,
      "eti_68": [
        0.0006012710139256293,
        0.007507413404671768
      ],
      "eti_99": [
        -0.005728389669015211,
        0.013976819114162882
      ]
    },
    "S1_phi_rm": {
      "parameter_type": "sampled",
      "mean": -4.548805565302198,
      "std": 0.6324612585034085,
      "median": -4.541197496693712,
      "eti_68": [
        -5.150725867241062,
        -3.91603799158517
      ],
      "eti_99": [
        -6.141525199557707,
        -3.2103399490810234
      ]
    },
    "T1_a": {
      "parameter_type": "sampled",
      "mean": -0.04096082665519631,
      "std": 0.022874741720420776,
      "median": -0.038070910031137196,
      "eti_68": [
        -0.044501712228793774,
        -0.033558736871043486
      ],
      "eti_99": [
        -0.0597660310948491,
        -0.02975058986584245
      ]
    },
    "T1_b": {
      "parameter_type": "sampled",
      "mean": 0.01229228587825998,
      "std": 0.03451476747634965,
      "median": 0.015267944263589375,
      "eti_68": [
        0.012148594305706743,
        0.019165229765407157
      ],
      "eti_99": [
        0.005512112779412191,
        0.02564837293091195
      ]
    },
    "T1_phi_peak": {
      "parameter_type": "sampled",
      "mean": -4.058087216085464,
      "std": 0.3210548724941061,
      "median": -4.060271274458521,
      "eti_68": [
        -4.37868354298032,
        -3.7391552128078187
      ],
      "eti_99": [
        -4.800815177238582,
        -3.325675481261387
      ]
    },
    "T1_sigma_phi": {
      "parameter_type": "sampled",
      "mean": 12.066636237301548,
      "std": 1.9157701965849963,
      "median": 12.46625756440598,
      "eti_68": [
        10.362454930680737,
        13.77249723643656
      ],
      "eti_99": [
        6.850342529819309,
        14.734893281176381
      ]
    },
    "T1_N": {
      "parameter_type": "sampled",
      "mean": 12.10217152048031,
      "std": 10.70198872137564,
      "median": 7.782152480555908,
      "eti_68": [
        3.6843271643061346,
        22.363876896936542
      ],
      "eti_99": [
        2.210594800960333,
        46.85582758082054
      ],
      "min": 2.0026505909497483
    },
    "S1_p0": {
      "parameter_type": "derived",
      "mean": 0.03840243483878645,
      "std": 0.0400943679356567,
      "median": 0.03372464647845937,
      "eti_68": [
        0.029506101578976603,
        0.04005841014797049
      ],
      "eti_99": [
        0.02623138071116785,
        0.05627811103258988
      ]
    },
    "S1_psi_0": {
      "parameter_type": "derived",
      "mean": 3.8591571783348035,
      "std": 3.8805279043133085,
      "median": 3.786460995551115,
      "eti_68": [
        0.4674173842039396,
        6.924621870544812
      ],
      "eti_99": [
        -3.99175470199239,
        11.86485892975596
      ]
    },
    "T1_p0": {
      "parameter_type": "derived",
      "mean": 0.0456327963649429,
      "std": 0.03822349301813026,
      "median": 0.04117416733346543,
      "eti_68": [
        0.03625108943534406,
        0.04823404916550886
      ],
      "eti_99": [
        0.03196478535029992,
        0.06162590072014758
      ]
    },
    "T1_psi_0": {
      "parameter_type": "derived",
      "mean": 77.66740326258079,
      "std": 14.056717084555252,
      "median": 78.86295118375104,
      "eti_68": [
        77.0277810993212,
        80.91103383953318
      ],
      "eti_99": [
        73.36403326500188,
        84.55155901215986
      ]
    }
  },
  "processed_parameters": {
    "S1_psi_0": {
      "mean": 16.890525214197222,
      "median": 16.769274401089486,
      "std": 5.261955703724632,
      "eti_68": [
        11.944694700958813,
        21.487820808464345
      ],
      "eti_99": [
        4.764648135728807,
        40.884344357412665
      ],
      "mode_1": {
        "mode": 16.640718694165916,
        "peak_height": 4.643132043030013,
        "hdi_68": [
          12.23509541773357,
          21.75445642487484
        ],
        "hdi_99": [
          2.6459196177507365,
          30.324760740410824
        ],
        "posterior_mass": 1.0,
        "likelihood_max": 2473.556194114126,
        "likelihood_std": 0.06942780271239576,
        "n_samples_in_hdi": 27452
      }
    },
    "S1_p0": {
      "mean": 0.0384021075725141,
      "median": 0.033724315531668714,
      "std": 0.0400944030248456,
      "eti_68": [
        0.029505723315590128,
        0.040059378264092976
      ],
      "eti_99": [
        0.025854892048105985,
        0.4451622646083922
      ],
      "mode_1": {
        "mode": 0.033684798193334045,
        "peak_height": 48.72727613448963,
        "hdi_68": [
          0.028058139928768693,
          0.03789538062466046
        ],
        "hdi_99": [
          0.02308818492264753,
          0.05640414044952335
        ],
        "posterior_mass": 1.0,
        "likelihood_max": 2473.556194114126,
        "likelihood_std": 0.0619725485544107,
        "n_samples_in_hdi": 27452
      }
    },
    "S1_phi_rm": {
      "mean": -4.548805565301869,
      "median": -4.541197496736256,
      "std": 0.6324612585033428,
      "eti_68": [
        -5.15072586724616,
        -3.916037991604904
      ],
      "eti_99": [
        -6.284458217660484,
        -3.1037069817468304
      ],
      "mode_1": {
        "mode": -4.605766645246852,
        "peak_height": 0.6497483510744998,
        "hdi_68": [
          -5.1051713074950955,
          -3.875727178566814
        ],
        "hdi_99": [
          -6.251006116401754,
          -3.0905425018463912
        ],
        "posterior_mass": 1.0,
        "likelihood_max": 2473.556194114126,
        "likelihood_std": 0.0669610730325073,
        "n_samples_in_hdi": 27452
      }
    },
    "T1_psi_0": {
      "mean": -88.99148604443752,
      "median": -89.45073074303413,
      "std": 4.169071126212596,
      "eti_68": [
        -91.27648760388124,
        -87.39907598917222
      ],
      "eti_99": [
        -93.73650122591008,
        -51.97302525569259
      ],
      "mode_1": {
        "mode": -89.5795449903103,
        "peak_height": 11.44917051450113,
        "hdi_68": [
          -91.4731072270913,
          -87.62779771291999
        ],