{
  "metadata": {
    "model_type": "S",
    "n_components": 1,
    "component_names": [
      "S1"
    ],
    "n_params": 3,
    "n_data": 96,
    "n_iter": 12404,
    "n_eff": 10110.6129645581,
    "ordering_enforced": true
  },
  "sampling_parameters": {
    "sampler_type": "dynamic",
    "n_cores": 15,
    "sampler_kwargs": {
      "bound": "multi",
      "sample": "rwalk",
      "walks": 70,
      "rstate": "Generator(PCG64)"
    },
    "run_kwargs": {
      "dlogz_init": 0.01,
      "nlive_init": 225,
      "nlive_batch": 75,
      "n_effective": 10000,
      "maxiter": null,
      "maxcall": null
    }
  },
  "evidence": {
    "logz": 106.4540230621652,
    "logzerr": 0.05941532305024576
  },
  "model_comparison": {
    "BIC": -210.12948507490256,
    "AIC": -217.82252964930606
  },
  "goodness_of_fit": {
    "best_sample": {
      "chi_squared": 74.39788540784582,
      "chi_squared_Q": 45.25786901474149,
      "chi_squared_U": 29.140016393104325,
      "reduced_chi_squared": 0.799977262449955
    },
    "importance_weighted": {
      "chi_squared_mean": 76.74771107579942,
      "chi_squared_std": 0.19867410034587948,
      "reduced_chi_squared_mean": 0.8252442051161227
    },
    "dof": 93
  },
  "parameters": {
    "S1_a": {
      "parameter_type": "sampled",
      "mean": 0.03973694790206726,
      "std": 0.010884953629891817,
      "median": 0.03968169078115568,
      "eti_68": [
        0.02893968218464433,
        0.050704967774964874
      ],
      "eti_99": [
        0.014865169486015574,
        0.06514856187153643
      ]
    },
    "S1_b": {
      "parameter_type": "sampled",
      "mean": -0.029181984665900194,
      "std": 0.011597439092160107,
      "median": -0.029141245921208717,
      "eti_68": [
        -0.0407729610156217,
        -0.017583897961896647
      ],
      "eti_99": [
        -0.05644000031187845,
        -0.003032152228879599
      ]
    },
    "S1_phi_rm": {
      "parameter_type": "sampled",
      "mean": -1.547415825242419,
      "std": 0.6465663455672842,
      "median": -1.547726943611182,
      "eti_68": [
        -2.2006108813110727,
        -0.8925881371032454
      ],
      "eti_99": [
        -3.0325614704877273,
        -0.04417335105346676
      ]
    },
    "S1_p0": {
      "parameter_type": "derived",
      "mean": 0.05049787169154281,
      "std": 0.011556349274830773,
      "median": 0.050438873285653545,
      "eti_68": [
        0.03902586473011979,
        0.06198746861026931
      ],
      "eti_99": [
        0.023502960663849517,
        0.07715327967508086
      ]
    },
    "S1_psi_0": {
      "parameter_type": "derived",
      "mean": -17.99069090623827,
      "std": 6.482920657476862,
      "median": -18.053501147336867,
      "eti_68": [
        -24.335530996814157,
        -11.647026982487255
      ],
      "eti_99": [
        -32.935287715022554,
        -2.2882630779619286
      ]
    }
  },
  "processed_parameters": {
    "S1_psi_0": {
      "mean": -13.558780966467816,
      "median": -13.624893931721122,
      "std": 6.829327870626651,
      "eti_68": [
        -20.178092997386283,
        -6.9400968128279015
      ],
      "eti_99": [
        -31.427894723692,
        4.732069671347104
      ],
      "mode_1": {
        "mode": -14.101809838723138,
        "peak_height": 3.4108879267342886,
        "hdi_68": [
          -20.220131537684363,
          -7.027596126943671
        ],
        "hdi_99": [
          -31.553979880800924,
          4.588075967353655
        ],
        "posterior_mass": 1.0,
        "likelihood_max": 111.88969489201733,
        "likelihood_std": 0.013130801356259098,
        "n_samples_in_hdi": 12404
      }
    },
    "S1_p0": {
      "mean": 0.049076473393692435,
      "median": 0.04911214563804152,
      "std": 0.01195966209565303,
      "eti_68": [
        0.03729532179673316,
        0.06091279976767915
      ],
      "eti_99": [
        0.01719033026207851,
        0.07911561612968612
      ],
      "mode_1": {
        "mode": 0.04855110649522941,
        "peak_height": 33.45318706816162,
        "hdi_68": [
          0.03687409827583758,
          0.060385333537640126
        ],
        "hdi_99": [
          0.018193078080326268,
          0.0798127213109369
        ],
        "posterior_mass": 1.0,
        "likelihood_max": 111.91126482465303,
        "likelihood_std": 0.01490488763544321,
        "n_samples_in_hdi": 12404
      }
    },
    "S1_phi_rm": {
      "mean": -1.547415825242433,
      "median": -1.5477269436111893,
      "std": 0.6465663455672829,
      "eti_68": [
        -2.200610881311074,
        -0.8925365012724628
      ],
      "eti_99": [
        -3.1845379435054615,
        0.06121144363721819
      ],
      "mode_1": {
        "mode": -1.5268524224876319,
        "peak_height": 0.6129404022970145,
        "hdi_68": [
          -2.144588121493194,
          -0.8463676928936762
        ],
        "hdi_99": [
          -3.1617800571734405,
          0.06410609530867117
        ],
        "posterior_mass": 1.0,
        "likelihood_max": 111.85037276470374,
        "likelihood_std": 0.008922075477102035,
        "n_samples_in_hdi": 12404
      }
    }
  },
  "stokes_i_fit": {
    "model": "power-law",
    "I0": 0.001327527630031505,
    "I0_err": 1.6064978488085053e-05,
    "alpha_lambda2": 0.3087813777103261,
    "alpha_lambda2_err": 0.036157279471590434,
    "alpha_nu": -0.6175627554206522,
    "alpha_nu_err": 0.07231455894318087,
    "freq0_GHz": 1.28
  }
}