{
  "metadata": {
    "model_type": "S",
    "n_components": 1,
    "component_names": [
      "S1"
    ],
    "n_params": 3,
    "n_data": 140,
    "n_iter": 12879,
    "n_eff": 10008.266402065943,
    "ordering_enforced": true
  },
  "sampling_parameters": {
    "sampler_type": "dynamic",
    "n_cores": 15,
    "sampler_kwargs": {
      "bound": "multi",
      "sample": "rwalk",
      "walks": 70,
      "rstate": "Generator(PCG64)"
    },
    "run_kwargs": {
      "dlogz_init": 0.01,
      "nlive_init": 225,
      "nlive_batch": 75,
      "n_effective": 10000,
      "maxiter": null,
      "maxcall": null
    }
  },
  "evidence": {
    "logz": 688.6710005121721,
    "logzerr": 0.1055314737092151
  },
  "model_comparison": {
    "BIC": -1389.768042944514,
    "AIC": -1398.592970212342
  },
  "goodness_of_fit": {
    "best_sample": {
      "chi_squared": 204.063213023171,
      "chi_squared_Q": 96.81374906664838,
      "chi_squared_U": 107.2494639565226,
      "reduced_chi_squared": 1.4895125038187664
    },
    "importance_weighted": {
      "chi_squared_mean": 211.72654032812633,
      "chi_squared_std": 0.3295259821426767,
      "reduced_chi_squared_mean": 1.5454491994753747
    },
    "dof": 137
  },
  "parameters": {
    "S1_a": {
      "parameter_type": "sampled",
      "mean": 0.002457629006354108,
      "std": 0.00014864572403857588,
      "median": 0.002458673363982822,
      "eti_68": [
        0.002309967489824562,
        0.0026046992882675477
      ],
      "eti_99": [
        0.00207360681936456,
        0.002844530521178779
      ]
    },
    "S1_b": {
      "parameter_type": "sampled",
      "mean": -0.0006561694101094683,
      "std": 0.00015202500317290017,
      "median": -0.0006551762966023472,
      "eti_68": [
        -0.0008069536784700704,
        -0.0005057098570641461
      ],
      "eti_99": [
        -0.0010429566658726969,
        -0.0002671529217299833
      ]
    },
    "S1_phi_rm": {
      "parameter_type": "sampled",
      "mean": -1.618305247904403,
      "std": 0.5795283182749856,
      "median": -1.6075009355456522,
      "eti_68": [
        -2.194866907510797,
        -1.0420303395680401
      ],
      "eti_99": [
        -3.1702613873073684,
        -0.30490260744299275
      ]
    },
    "S1_p0": {
      "parameter_type": "derived",
      "mean": 0.002548175598025457,
      "std": 0.00015001544504486406,
      "median": 0.0025484714952028844,
      "eti_68": [
        0.002397616897827473,
        0.0026960245038658475
      ],
      "eti_99": [
        0.0021586017240020046,
        0.002934734152455469
      ]
    },
    "S1_psi_0": {
      "parameter_type": "derived",
      "mean": -7.470288003257939,
      "std": 1.6977377391958262,
      "median": -7.4589238021818645,
      "eti_68": [
        -9.15077951435409,
        -5.781394258000469
      ],
      "eti_99": [
        -11.835162282424326,
        -3.102203047615325
      ]
    }
  },
  "processed_parameters": {
    "S1_psi_0": {
      "mean": -2.834184969818766,
      "median": -2.842866694496204,
      "std": 2.5900627313981306,
      "eti_68": [
        -5.425922657484066,
        -0.24794841891938996
      ],
      "eti_99": [
        -9.315701241706423,
        3.9493243629027477
      ],
      "mode_1": {
        "mode": -2.834336525028598,
        "peak_height": 8.683748703698036,
        "hdi_68": [
          -5.628196217745504,
          -0.47596927766411934
        ],
        "hdi_99": [
          -9.427041473531487,
          3.750759574224663
        ],
        "posterior_mass": 1.0,
        "likelihood_max": 701.664835968732,
        "likelihood_std": 0.10441857914107909,
        "n_samples_in_hdi": 12879
      }
    },
    "S1_p0": {
      "mean": 0.0025437624510863343,
      "median": 0.0025440743565578483,
      "std": 0.0001502780166210216,
      "eti_68": [
        0.002392942573188961,
        0.0026918684022958096
      ],
      "eti_99": [
        0.00215340864043452,
        0.002930916565748756
      ],
      "mode_1": {
        "mode": 0.0025355762203288007,
        "peak_height": 2642.9658671789152,
        "hdi_68": [
          0.0023910754621419127,
          0.00268902903997289
        ],
        "hdi_99": [
          0.0021673289920104304,
          0.0029409588618992803
        ],
        "posterior_mass": 1.0,
        "likelihood_max": 702.296485106171,
        "likelihood_std": 0.0905364741623024,
        "n_samples_in_hdi": 12879
      }
    },
    "S1_phi_rm": {
      "mean": -1.6183052479043463,
      "median": -1.6075009355455807,
      "std": 0.5795283182749406,
      "eti_68": [
        -2.194866235395961,
        -1.0420303395679429
      ],
      "eti_99": [
        -3.1702613873069527,
        -0.30490260744297387
      ],
      "mode_1": {
        "mode": -1.6160903585742141,
        "peak_height": 0.6749584101402141,
        "hdi_68": [
          -2.195505555604612,
          -1.0434982904858634
        ],
        "hdi_99": [
          -3.0750674893230485,
          -0.2532703155896918
        ],
        "posterior_mass": 1.0,
        "likelihood_max": 700.944148976731,
        "likelihood_std": 0.06324980916303664,
        "n_samples_in_hdi": 12879
      }
    }
  },
  "stokes_i_fit": {
    "model": "power-law",
    "I0": 0.10062610098463225,
    "I0_err": 4.268183176025914e-05,
    "alpha_lambda2": 0.06449894624924878,
    "alpha_lambda2_err": 0.0013376634831797933,
    "alpha_nu": -0.12899789249849755,
    "alpha_nu_err": 0.0026753269663595865,
    "freq0_GHz": 1.28
  }
}