{"dFDFcorMAD": 0.00016266817692667246, "phiPeakPIfit_rm2": -4.145230099321037, "dPhiPeakPIfit_rm2": 0.03383508200725314, "ampPeakPIfit": 0.004298080253958608, "ampPeakPIfitEff": 0.004298001510339138, "dAmpPeakPIfit": 1.7155130952339763e-05, "snrPIfit": 250.54196705927208, "indxPeakPIfit": 1795.019141983161, "peakFDFimagFit": 0.0008162525747343562, "peakFDFrealFit": 0.004218548252040114, "polAngleFit_deg": 5.4754561718666706, "dPolAngleFit_deg": 0.11434367700068297, "polAngle0Fit_deg": 5.4754561718666706, "dPolAngle0Fit_deg": 0.11475721786952106, "Ifreq0": 0.06042002538285631, "polyCoeffs": "0.0,18.82644,-3.8930807,0.2557039,-0.42690295,0.060420025", "polyCoefferr": "0.0,6.0143223,0.43868032,0.09487301,0.0041201715,4.1454598e-05", "polyOrd": 4, "IfitStat": 1, "IfitChiSqRed": 2.0646888464071527, "fit_function": "log", "lam0Sq_m2": 0, "freq0_Hz": 1203040569.3494399, "fwhmRMSF": 16.95421600341797, "dQU": 0.00020074998610652983, "dFDFth": 1.7155130952339763e-05, "units": "Jy/beam", "min_freq": 901127552.0, "max_freq": 1646783872.0, "N_channels": 140, "median_channel_width": 3343744.0, "fracPol": 0.07113538074677243, "sigmaAddQ": 0.02468773627564607, "dSigmaAddMinusQ": 0.017767401750822934, "dSigmaAddPlusQ": 0.08897485700601221, "sigmaAddU": 0.3324771755027571, "dSigmaAddMinusU": 0.3086447070022924, "dSigmaAddPlusU": 0.23209915118594282, "sigmaAddC": 0.042237601766409415, "dSigmaAddMinusC": 0.0342157768871232, "dSigmaAddPlusC": 0.1607014569927574}