{"dFDFcorMAD": 0.00028289679903537035, "phiPeakPIfit_rm2": -6.856954929649602, "dPhiPeakPIfit_rm2": 0.00040472627522433996, "ampPeakPIfit": 1.3975981180305108, "ampPeakPIfitEff": 1.3975981146204748, "dAmpPeakPIfit": 6.437566292537085e-05, "snrPIfit": 21710.038460508164, "indxPeakPIfit": 1635.5012387966835, "peakFDFimagFit": 1.1937083443623295, "peakFDFrealFit": 0.7132661686464331, "polAngleFit_deg": 29.570391599038974, "dPolAngleFit_deg": 0.001319568816455731, "polAngle0Fit_deg": 29.570391599038974, "dPolAngle0Fit_deg": 0.001332442963432528, "cleanCutoff": 0.000901259280955192, "nIter": 406, "mom2CCFDF": 57.55937957763672, "dPhiObserved_rm2": 0.001778556717609359, "dAmpObserved": 0.00028289679903537035, "dPolAngleFitObserved_deg": 0.0057988031084818216, "dPolAngleFit0Observed_deg": 0.005855378137064733}