{"dFDFcorMAD": 0.00045924680307507515, "phiPeakPIfit_rm2": -3.5099939103676925, "dPhiPeakPIfit_rm2": 0.0011198893232823284, "ampPeakPIfit": 1.4293710376411697, "ampPeakPIfitEff": 1.4293710180453814, "dAmpPeakPIfit": 0.00015606479170702213, "snrPIfit": 9158.830906105359, "indxPeakPIfit": 1787.4866585475095, "peakFDFimagFit": 1.2246179481828046, "peakFDFrealFit": 0.7284045042730223, "polAngleFit_deg": 29.62787889469069, "dPolAngleFit_deg": 0.00312789809640925, "polAngle0Fit_deg": 29.62787889469069, "dPolAngle0Fit_deg": 0.0031562054434951248, "cleanCutoff": 0.001404583125363199, "nIter": 398, "mom2CCFDF": 33.769683837890625, "dPhiObserved_rm2": 0.0032954620058111258, "dAmpObserved": 0.00045924680307507515, "dPolAngleFitObserved_deg": 0.009204364324640476, "dPolAngleFit0Observed_deg": 0.009287663437211166}