{"dFDFcorMAD": 0.07267992198467255, "phiPeakPIfit_rm2": -3.485906039657281, "dPhiPeakPIfit_rm2": 0.0010207453283456454, "ampPeakPIfit": 1.568204447878978, "ampPeakPIfitEff": 1.5682044300180082, "dAmpPeakPIfit": 0.00015606479170702213, "snrPIfit": 10048.419190043469, "indxPeakPIfit": 1787.5039067392777, "peakFDFimagFit": 1.3424203117086966, "peakFDFrealFit": 0.8025040784604944, "polAngleFit_deg": 29.564426883232734, "dPolAngleFit_deg": 0.0028509847384678255, "polAngle0Fit_deg": 29.564426883232734, "dPolAngle0Fit_deg": 0.00287678603123404, "Ifreq0": 16.165102590621835, "polyCoeffs": "0.0,-8.434653,-0.8712771,0.11970758,-0.5415207,16.165102", "polyCoefferr": "0.0,0.5641437,0.05127326,0.007705248,0.00041547095,0.00079803204", "polyOrd": 4, "IfitStat": 1, "IfitChiSqRed": 6.084746396323199, "fit_function": "log", "lam0Sq_m2": 0, "freq0_Hz": 1219114633.794723, "fwhmRMSF": 20.51375389099121, "dQU": 0.0017820000648498535, "dFDFth": 0.00015606479170702213, "units": "Jy/beam", "min_freq": 902799424.0, "max_freq": 1651799424.0, "N_channels": 57, "median_channel_width": 13374976.0, "fracPol": 0.09701172146768806, "sigmaAddQ": 28.51366104334553, "dSigmaAddMinusQ": 2.508603190647751, "dSigmaAddPlusQ": 2.9358291315782203, "sigmaAddU": 41.05457790824518, "dSigmaAddMinusU": 3.6083543119547343, "dSigmaAddPlusU": 4.222915162189274, "sigmaAddC": 35.23732293807456, "dSigmaAddMinusC": 2.2346312733381453, "dSigmaAddPlusC": 2.496244260684641}