{"dFDFcorMAD": 1.6627140212222002e-05, "phiPeakPIfit_rm2": -6.213366407132115, "dPhiPeakPIfit_rm2": 0.9604010610789009, "ampPeakPIfit": 0.00013186039095304956, "ampPeakPIfitEff": 0.00012988147771726393, "dAmpPeakPIfit": 1.500672962476661e-05, "snrPIfit": 8.786750627893737, "indxPeakPIfit": 1783.5573098094198, "peakFDFimagFit": -9.078009038408902e-05, "peakFDFrealFit": 9.499335105293499e-05, "polAngleFit_deg": 158.14961028825456, "dPolAngleFit_deg": 3.2603508361325053, "polAngle0Fit_deg": 158.14961028825456, "dPolAngle0Fit_deg": 3.270215762870782, "Ifreq0": 0.031439440600851055, "polyCoeffs": "0.0,-26.567585,1.2633333,0.8591955,-0.5893464,0.031439442", "polyCoefferr": "0.0,10.059767,0.65398103,0.15713845,0.0067004366,3.316689e-05", "polyOrd": 4, "IfitStat": 1, "IfitChiSqRed": 1.86588758161791, "fit_function": "log", "lam0Sq_m2": 0, "freq0_Hz": 1217950424.2655535, "fwhmRMSF": 16.877609252929688, "dQU": 0.00019550000433810055, "dFDFth": 1.500672962476661e-05, "units": "Jy/beam", "min_freq": 904471296.0, "max_freq": 1646783872.0, "N_channels": 167, "median_channel_width": 3343744.0, "fracPol": 0.004131163762301422, "sigmaAddQ": 0.03548349089403891, "dSigmaAddMinusQ": 0.0284706956813614, "dSigmaAddPlusQ": 0.14792696145127723, "sigmaAddU": 0.07430863042088907, "dSigmaAddMinusU": 0.06639849548899264, "dSigmaAddPlusU": 0.2573382896859519, "sigmaAddC": 0.05279108232564128, "dSigmaAddMinusC": 0.04488094739374485, "dSigmaAddPlusC": 0.18815775846058663}