{"dFDFcorMAD": 1.6627140212222002e-05, "phiPeakPIfit_rm2": -6.213366407132115, "dPhiPeakPIfit_rm2": 0.9604010610789009, "ampPeakPIfit": 0.00013186039095304956, "ampPeakPIfitEff": 0.00012988147771726393, "dAmpPeakPIfit": 1.500672962476661e-05, "snrPIfit": 8.786750627893737, "indxPeakPIfit": 1783.5573098094198, "peakFDFimagFit": -9.078009038408902e-05, "peakFDFrealFit": 9.499335105293499e-05, "polAngleFit_deg": 158.14961028825456, "dPolAngleFit_deg": 3.2603508361325053, "polAngle0Fit_deg": 158.14961028825456, "dPolAngle0Fit_deg": 3.270215762870782, "cleanCutoff": 0.0001350605666228995, "nIter": 0, "mom2CCFDF": NaN, "dPhiObserved_rm2": 1.0641041387306278, "dAmpObserved": 1.6627140212222002e-05, "dPolAngleFitObserved_deg": 3.6124000264483676, "dPolAngleFit0Observed_deg": 3.623330157407076}