{"dFDFcorMAD": 2.1512352759600617e-05, "phiPeakPIfit_rm2": -2.284586812119428, "dPhiPeakPIfit_rm2": 0.6545040380121129, "ampPeakPIfit": 0.0001890924030665081, "ampPeakPIfitEff": 0.00018768336279873787, "dAmpPeakPIfit": 1.5192850521445923e-05, "snrPIfit": 12.44614384901563, "indxPeakPIfit": 1788.36411492919, "peakFDFimagFit": -5.307817462912821e-05, "peakFDFrealFit": -0.00018071611954738163, "polAngleFit_deg": 98.18402684662112, "dPolAngleFit_deg": 2.301748244602438, "polAngle0Fit_deg": 98.18402684662112, "dPolAngle0Fit_deg": 2.3261060472041173, "Ifreq0": 0.002308555406013963, "polyCoeffs": "0.0,-25.151852,-0.2701346,1.3062661,-0.65680385,0.0023085554", "polyCoefferr": "0.0,136.73575,8.268115,2.229793,0.087699436,3.5023946e-05", "polyOrd": 4, "IfitStat": 1, "IfitChiSqRed": 0.8967057583444092, "fit_function": "log", "lam0Sq_m2": 0, "freq0_Hz": 1225813570.6501355, "fwhmRMSF": 16.292102813720703, "dQU": 0.0001049999991664663, "dFDFth": 1.5192850521445923e-05, "units": "Jy/beam", "min_freq": 902799424.0, "max_freq": 1651799424.0, "N_channels": 49, "median_channel_width": 13374976.0, "fracPol": 0.08129905061399367, "sigmaAddQ": 0.08740428677735636, "dSigmaAddMinusQ": 0.08053319112315208, "dSigmaAddPlusQ": 0.3716461093479989, "sigmaAddU": 0.045111365066633116, "dSigmaAddMinusU": 0.03798022451157971, "dSigmaAddPlusU": 0.21509495834449832, "sigmaAddC": 0.06556679066419101, "dSigmaAddMinusC": 0.0584356501091376, "dSigmaAddPlusC": 0.2756468031744652}