{
  "metadata": {
    "model_type": "S",
    "n_components": 1,
    "component_names": [
      "S1"
    ],
    "n_params": 3,
    "n_data": 94,
    "n_iter": 12706,
    "n_eff": 10044.157930177762,
    "ordering_enforced": true
  },
  "sampling_parameters": {
    "sampler_type": "dynamic",
    "n_cores": 15,
    "sampler_kwargs": {
      "bound": "multi",
      "sample": "rwalk",
      "walks": 70,
      "rstate": "Generator(PCG64)"
    },
    "run_kwargs": {
      "dlogz_init": 0.01,
      "nlive_init": 225,
      "nlive_batch": 75,
      "n_effective": 10000,
      "maxiter": null,
      "maxcall": null
    }
  },
  "evidence": {
    "logz": 174.84176770206005,
    "logzerr": 0.07151202604087849
  },
  "model_comparison": {
    "BIC": -350.91996803823196,
    "AIC": -358.54985238504196
  },
  "goodness_of_fit": {
    "best_sample": {
      "chi_squared": 80.40927574945508,
      "chi_squared_Q": 32.11743919017866,
      "chi_squared_U": 48.291836559276426,
      "reduced_chi_squared": 0.8836184148291767
    },
    "importance_weighted": {
      "chi_squared_mean": 82.69053187912664,
      "chi_squared_std": 0.19474270258849896,
      "reduced_chi_squared_mean": 0.9086871635068862
    },
    "dof": 91
  },
  "parameters": {
    "S1_a": {
      "parameter_type": "sampled",
      "mean": -0.10778542957946836,
      "std": 0.005263997157074393,
      "median": -0.10782641734064367,
      "eti_68": [
        -0.11304735251727845,
        -0.1024626902782588
      ],
      "eti_99": [
        -0.11987917181558334,
        -0.0956455219984844
      ]
    },
    "S1_b": {
      "parameter_type": "sampled",
      "mean": 0.03476357414931872,
      "std": 0.0053139946276457226,
      "median": 0.03471185337289168,
      "eti_68": [
        0.029505624072345603,
        0.04014941517652199
      ],
      "eti_99": [
        0.022535308299461033,
        0.04731802398957929
      ]
    },
    "S1_phi_rm": {
      "parameter_type": "sampled",
      "mean": -1.84495367093278,
      "std": 0.5610437593257288,
      "median": -1.8464998115768538,
      "eti_68": [
        -2.40283120765932,
        -1.2899574761278294
      ],
      "eti_99": [
        -3.176609425529678,
        -0.5231446544078248
      ]
    },
    "S1_p0": {
      "parameter_type": "derived",
      "mean": 0.11337904589627079,
      "std": 0.005228979428883104,
      "median": 0.11339703448675992,
      "eti_68": [
        0.10817868438666235,
        0.1185455458296176
      ],
      "eti_99": [
        0.10134329125274506,
        0.12549971648965685
      ]
    },
    "S1_psi_0": {
      "parameter_type": "derived",
      "mean": 81.06117952344412,
      "std": 1.3532386264759741,
      "median": 81.08089949035043,
      "eti_68": [
        79.71088518168396,
        82.37737061045426
      ],
      "eti_99": [
        77.83654038281537,
        84.18561793919153
      ]
    }
  },
  "processed_parameters": {
    "S1_psi_0": {
      "mean": 86.34658246636857,
      "median": 86.354112700839,
      "std": 2.3748205529679436,
      "eti_68": [
        83.98231597449941,
        88.69317263321084
      ],
      "eti_99": [
        80.34136697609425,
        92.55806547575257
      ],
      "mode_1": {
        "mode": 86.66153559091738,
        "peak_height": 9.472161003763492,
        "hdi_68": [
          84.22462244668796,
          88.92982429365998
        ],
        "hdi_99": [
          80.19753233349392,
          92.39140257638248
        ],
        "posterior_mass": 1.0,
        "likelihood_max": 182.27492619252098,
        "likelihood_std": 0.0054800265995850585,
        "n_samples_in_hdi": 12706
      }
    },
    "S1_p0": {
      "mean": 0.11326028297927651,
      "median": 0.1132785447434963,
      "std": 0.005234486433262362,
      "eti_68": [
        0.10805447248690218,
        0.11843220721088311
      ],
      "eti_99": [
        0.10005758677599037,
        0.12678761415785528
      ],
      "mode_1": {
        "mode": 0.11365469320748706,
        "peak_height": 75.56420677788869,
        "hdi_68": [
          0.10809407252461394,
          0.11844054468777636
        ],
        "hdi_99": [
          0.09987187370502357,
          0.12649638443258654
        ],
        "posterior_mass": 1.0,
        "likelihood_max": 182.27492619252098,
        "likelihood_std": 0.0054800265995850585,
        "n_samples_in_hdi": 12706
      }
    },
    "S1_phi_rm": {
      "mean": -1.84495367093275,
      "median": -1.846553118086843,
      "std": 0.5610437593256945,
      "eti_68": [
        -2.402892045601007,
        -1.2902657612628545
      ],
      "eti_99": [
        -3.3170219047768965,
        -0.40824220826038443
      ],
      "mode_1": {
        "mode": -1.856002322232578,
        "peak_height": 0.7322004645729727,
        "hdi_68": [
          -2.374399988890806,
          -1.270746540311129
        ],
        "hdi_99": [
          -3.2612215737296766,
          -0.36514084240703326
        ],
        "posterior_mass": 1.0,
        "likelihood_max": 182.27492619252098,
        "likelihood_std": 0.0054800265995850585,
        "n_samples_in_hdi": 12706
      }
    }
  },
  "stokes_i_fit": {
    "model": "power-law",
    "I0": 0.0029119301410273,
    "I0_err": 1.8768488100683705e-05,
    "alpha_lambda2": 0.30554388955995776,
    "alpha_lambda2_err": 0.019780889706956205,
    "alpha_nu": -0.6110877791199155,
    "alpha_nu_err": 0.03956177941391241,
    "freq0_GHz": 1.28
  }
}