{
  "metadata": {
    "model_type": "S",
    "n_components": 1,
    "component_names": [
      "S1"
    ],
    "n_params": 3,
    "n_data": 348,
    "n_iter": 13320,
    "n_eff": 10105.075054184506,
    "ordering_enforced": true
  },
  "sampling_parameters": {
    "sampler_type": "dynamic",
    "n_cores": 15,
    "sampler_kwargs": {
      "bound": "multi",
      "sample": "rwalk",
      "walks": 70,
      "rstate": "Generator(PCG64)"
    },
    "run_kwargs": {
      "dlogz_init": 0.01,
      "nlive_init": 225,
      "nlive_batch": 75,
      "n_effective": 10000,
      "maxiter": null,
      "maxcall": null
    }
  },
  "evidence": {
    "logz": 1065.7269370802774,
    "logzerr": 0.08302543094127898
  },
  "model_comparison": {
    "BIC": -2133.9870254950342,
    "AIC": -2145.5436329343574
  },
  "goodness_of_fit": {
    "best_sample": {
      "chi_squared": 350.5241845250351,
      "chi_squared_Q": 175.15025760838944,
      "chi_squared_U": 175.37392691664564,
      "reduced_chi_squared": 1.0160121290580728
    },
    "importance_weighted": {
      "chi_squared_mean": 352.8317783979848,
      "chi_squared_std": 0.20506696333240795,
      "reduced_chi_squared_mean": 1.0227008069506807
    },
    "dof": 345
  },
  "parameters": {
    "S1_a": {
      "parameter_type": "sampled",
      "mean": 0.010201942008057229,
      "std": 0.0008244110360739261,
      "median": 0.010198584819488644,
      "eti_68": [
        0.009382351497809539,
        0.01102625513491161
      ],
      "eti_99": [
        0.008284505644227197,
        0.01212706197327552
      ]
    },
    "S1_b": {
      "parameter_type": "sampled",
      "mean": -0.012747685787687533,
      "std": 0.0008301606694537221,
      "median": -0.012752242351179357,
      "eti_68": [
        -0.013574592623897874,
        -0.01191441436727009
      ],
      "eti_99": [
        -0.014662444288340792,
        -0.010824585963474055
      ]
    },
    "S1_phi_rm": {
      "parameter_type": "sampled",
      "mean": -3.9706392149693928,
      "std": 0.5776925076332332,
      "median": -3.9719257006674487,
      "eti_68": [
        -4.546812621059092,
        -3.3950086344315427
      ],
      "eti_99": [
        -5.309947083386531,
        -2.5955937912378824
      ]
    },
    "S1_p0": {
      "parameter_type": "derived",
      "mean": 0.016348704615919075,
      "std": 0.0008195867052211167,
      "median": 0.016352941101684795,
      "eti_68": [
        0.015534605234186236,
        0.01716519407539255
      ],
      "eti_99": [
        0.014454557351566847,
        0.01824114078257446
      ]
    },
    "S1_psi_0": {
      "parameter_type": "derived",
      "mean": -25.66401418623641,
      "std": 1.4657233753923091,
      "median": -25.659483039355806,
      "eti_68": [
        -27.130795616182567,
        -24.207247694855273
      ],
      "eti_99": [
        -29.09846817690194,
        -22.270913547846085
      ]
    }
  },
  "processed_parameters": {
    "S1_psi_0": {
      "mean": -14.28897073689248,
      "median": -14.287234661374404,
      "std": 2.4518118008499266,
      "eti_68": [
        -16.73919381721678,
        -11.882688666689118
      ],
      "eti_99": [
        -20.730084899235052,
        -7.886390480625425
      ],
      "mode_1": {
        "mode": -14.558886423223239,
        "peak_height": 9.270800546849731,
        "hdi_68": [
          -16.693311877539337,
          -11.847764786602681
        ],
        "hdi_99": [
          -20.616225846228804,
          -7.787196854895491
        ],
        "posterior_mass": 1.0,
        "likelihood_max": 1075.7718164671787,
        "likelihood_std": 0.004929975730152271,
        "n_samples_in_hdi": 13320
      }
    },
    "S1_p0": {
      "mean": 0.016328430384104822,
      "median": 0.016332723494150006,
      "std": 0.0008206097761044808,
      "eti_68": [
        0.015513321173854924,
        0.017145934261715456
      ],
      "eti_99": [
        0.014209913467120121,
        0.018446657794344484
      ],
      "mode_1": {
        "mode": 0.016435996626585413,
        "peak_height": 480.9452810947174,
        "hdi_68": [
          0.01552123253366132,
          0.01715033754717045
        ],
        "hdi_99": [
          0.014320542790957303,
          0.01854464217864585
        ],
        "posterior_mass": 1.0,
        "likelihood_max": 1075.7718164671787,
        "likelihood_std": 0.004929975730152271,
        "n_samples_in_hdi": 13320
      }
    },
    "S1_phi_rm": {
      "mean": -3.970639214969414,
      "median": -3.9719257006674633,
      "std": 0.5776925076332189,
      "eti_68": [
        -4.546812621059102,
        -3.3950086344315613
      ],
      "eti_99": [
        -5.422295166263321,
        -2.4611093826459967
      ],
      "mode_1": {
        "mode": -4.010859329647753,
        "peak_height": 0.6774503949576981,
        "hdi_68": [
          -4.526404294888265,
          -3.380006075566275
        ],
        "hdi_99": [
          -5.42156398485613,
          -2.4608820291568776
        ],
        "posterior_mass": 1.0,
        "likelihood_max": 1075.7718164671787,
        "likelihood_std": 0.004929975730152271,
        "n_samples_in_hdi": 13320
      }
    }
  },
  "stokes_i_fit": {
    "model": "power-law",
    "I0": 0.017727207358219137,
    "I0_err": 1.661399863853481e-05,
    "alpha_lambda2": 0.308126043249197,
    "alpha_lambda2_err": 0.002810263906512065,
    "alpha_nu": -0.616252086498394,
    "alpha_nu_err": 0.00562052781302413,
    "freq0_GHz": 1.28
  }
}