{"dFDFcorMAD": 0.00010342449240852147, "phiPeakPIfit_rm2": -18.445956366879408, "dPhiPeakPIfit_rm2": 0.06219886698198979, "ampPeakPIfit": 0.0023881528757250447, "ampPeakPIfitEff": 0.002388019341905247, "dAmpPeakPIfit": 1.6652203408598727e-05, "snrPIfit": 143.4136262407094, "indxPeakPIfit": 1776.7916054504203, "peakFDFimagFit": -0.0009721868739251168, "peakFDFrealFit": -0.002175045483956716, "polAngleFit_deg": 102.04167991774511, "dPolAngleFit_deg": 0.1997570977562324, "polAngle0Fit_deg": 102.04167991774513, "dPolAngle0Fit_deg": 0.20012943190552654, "Ifreq0": 0.1113264150481204, "polyCoeffs": "0.0,30.25664,-3.0138254,-0.18651189,-0.27963898,0.11132641", "polyCoefferr": "0.0,3.2955391,0.20810324,0.054489955,0.0021586413,4.3864457e-05", "polyOrd": 4, "IfitStat": 1, "IfitChiSqRed": 1.4782163968903794, "fit_function": "log", "lam0Sq_m2": 0, "freq0_Hz": 1220983869.8102176, "fwhmRMSF": 17.840330123901367, "dQU": 0.0002607500064186752, "dFDFth": 1.6652203408598727e-05, "units": "Jy/beam", "min_freq": 903500032.0, "max_freq": 1647500032.0, "N_channels": 270, "median_channel_width": 1699968.0, "fracPol": 0.0214506084730478, "sigmaAddQ": 0.8219991603563235, "dSigmaAddMinusQ": 0.08894108269959, "dSigmaAddPlusQ": 0.08951992961882849, "sigmaAddU": 1.1217164288941908, "dSigmaAddMinusU": 0.08604887969018638, "dSigmaAddPlusU": 0.08927521675506367, "sigmaAddC": 0.986044718560403, "dSigmaAddMinusC": 0.06081029763839796, "dSigmaAddPlusC": 0.06213505983296852}