{"dFDFcorMAD": 2.35594816331286e-05, "phiPeakPIfit_rm2": -18.153068573012867, "dPhiPeakPIfit_rm2": 0.06719036610544359, "ampPeakPIfit": 0.002210739599435582, "ampPeakPIfitEff": 0.0022105953487674686, "dAmpPeakPIfit": 1.6652203408598727e-05, "snrPIfit": 132.75958413371401, "indxPeakPIfit": 1777.001330243029, "peakFDFimagFit": -0.0008116744127507038, "peakFDFrealFit": -0.0020562923701018926, "polAngleFit_deg": 100.77024756203379, "dPolAngleFit_deg": 0.2157877334693013, "polAngle0Fit_deg": 100.7702475620338, "dPolAngle0Fit_deg": 0.21618994767381206, "cleanCutoff": 0.00023313084772038218, "nIter": 37, "mom2CCFDF": 17.398029327392578, "dPhiObserved_rm2": 0.09506070502159393, "dAmpObserved": 2.35594816331286e-05, "dPolAngleFitObserved_deg": 0.30529576288380544, "dPolAngleFit0Observed_deg": 0.3058648141937877}