{
  "metadata": {
    "model_type": "S",
    "n_components": 1,
    "component_names": [
      "S1"
    ],
    "n_params": 3,
    "n_data": 92,
    "n_iter": 12136,
    "n_eff": 10100.310795456386,
    "ordering_enforced": true
  },
  "sampling_parameters": {
    "sampler_type": "dynamic",
    "n_cores": 15,
    "sampler_kwargs": {
      "bound": "multi",
      "sample": "rwalk",
      "walks": 70,
      "rstate": "Generator(PCG64)"
    },
    "run_kwargs": {
      "dlogz_init": 0.01,
      "nlive_init": 225,
      "nlive_batch": 75,
      "n_effective": 10000,
      "maxiter": null,
      "maxcall": null
    }
  },
  "evidence": {
    "logz": 95.83235814228762,
    "logzerr": 0.051266607367589645
  },
  "model_comparison": {
    "BIC": -186.77303418984104,
    "AIC": -194.33839992098817
  },
  "goodness_of_fit": {
    "best_sample": {
      "chi_squared": 104.25149773587952,
      "chi_squared_Q": 46.42394830568109,
      "chi_squared_U": 57.82754943019843,
      "reduced_chi_squared": 1.17136514309977
    },
    "importance_weighted": {
      "chi_squared_mean": 106.80629314838092,
      "chi_squared_std": 0.1904791043021443,
      "reduced_chi_squared_mean": 1.20007070953237
    },
    "dof": 89
  },
  "parameters": {
    "S1_a": {
      "parameter_type": "sampled",
      "mean": 0.014188314034675853,
      "std": 0.010277616461818188,
      "median": 0.014138593607700969,
      "eti_68": [
        0.003611447314981879,
        0.02458146436343872
      ],
      "eti_99": [
        -0.008144117465211535,
        0.03841085040683901
      ]
    },
    "S1_b": {
      "parameter_type": "sampled",
      "mean": -0.006233181344746352,
      "std": 0.008532918660928946,
      "median": -0.004578966686412098,
      "eti_68": [
        -0.014746691472101739,
        0.0010206053805187055
      ],
      "eti_99": [
        -0.03026598590115201,
        0.010500545418446146
      ]
    },
    "S1_phi_rm": {
      "parameter_type": "sampled",
      "mean": -1.3081317740506366,
      "std": 0.643494476300993,
      "median": -1.3116265903064803,
      "eti_68": [
        -1.9509886399579974,
        -0.6565934434557495
      ],
      "eti_99": [
        -2.8001624506685365,
        0.14836239977083446
      ]
    },
    "S1_p0": {
      "parameter_type": "derived",
      "mean": 0.017747689651523405,
      "std": 0.010179047571928999,
      "median": 0.017251668912348885,
      "eti_68": [
        0.006569516823741887,
        0.028396781441446604
      ],
      "eti_99": [
        0.0005059364092614769,
        0.0428044300409963
      ]
    },
    "S1_psi_0": {
      "parameter_type": "derived",
      "mean": -10.536000289560983,
      "std": 24.048753713713207,
      "median": -10.04397203566488,
      "eti_68": [
        -25.516038669812822,
        3.9455098019780626
      ],
      "eti_99": [
        -84.03164495217666,
        82.78845234083792
      ]
    }
  },
  "processed_parameters": {
    "S1_psi_0": {
      "mean": -8.987570860559115,
      "median": -6.719287910461484,
      "std": 23.46893661476122,
      "eti_68": [
        -22.914915310071883,
        7.165041514695357
      ],
      "eti_99": [
        -90.9474308111461,
        79.43986085527538
      ],
      "mode_1": {
        "mode": -5.507044172441791,
        "peak_height": 1.6045658691943632,
        "hdi_68": [
          -21.547242343885685,
          8.319078529704539
        ],
        "hdi_99": [
          -95.27804639003358,
          70.36230269932973
        ],
        "posterior_mass": 1.0,
        "likelihood_max": 100.16919996049408,
        "likelihood_std": 0.01010411795941955,
        "n_samples_in_hdi": 12136
      }
    },
    "S1_p0": {
      "mean": 0.017747689651514582,
      "median": 0.017251668912347532,
      "std": 0.01017904757190024,
      "eti_68": [
        0.0065695168237415395,
        0.028396781441446042
      ],
      "eti_99": [
        0.00026860200724177164,
        0.04543683943895007
      ],
      "mode_1": {
        "mode": 0.018090071467098488,
        "peak_height": 35.073037413867105,
        "hdi_68": [
          0.004726195612064498,
          0.026253925023001296
        ],
        "hdi_99": [
          1.4187322814107615e-05,
          0.04277521624197095
        ],
        "posterior_mass": 1.0,
        "likelihood_max": 100.16919996049408,
        "likelihood_std": 0.010169070424102132,
        "n_samples_in_hdi": 12136
      }
    },
    "S1_phi_rm": {
      "mean": -1.30813177405066,
      "median": -1.311626590306497,
      "std": 0.6434944763009939,
      "eti_68": [
        -1.950988639958004,
        -0.6565934434557511
      ],
      "eti_99": [
        -2.985876405549264,
        0.3224388849140235
      ],
      "mode_1": {
        "mode": -1.3198470833636917,
        "peak_height": 0.6220077137687979,
        "hdi_68": [
          -1.9264359087640606,
          -0.6381514197520907
        ],
        "hdi_99": [
          -3.0176439617933815,
          0.26040502286710465
        ],
        "posterior_mass": 1.0,
        "likelihood_max": 100.12942256105913,
        "likelihood_std": 0.006492226502385201,
        "n_samples_in_hdi": 12136
      }
    }
  },
  "stokes_i_fit": {
    "model": "power-law",
    "I0": 0.001442298962781908,
    "I0_err": 2.0195487572715314e-05,
    "alpha_lambda2": 0.2862675387462512,
    "alpha_lambda2_err": 0.04351020792461958,
    "alpha_nu": -0.5725350774925024,
    "alpha_nu_err": 0.08702041584923915,
    "freq0_GHz": 1.28
  }
}