{
  "metadata": {
    "model_type": "STT",
    "n_components": 3,
    "component_names": [
      "S1",
      "T1",
      "T2"
    ],
    "n_params": 13,
    "n_data": 552,
    "n_iter": 69135,
    "n_eff": 11986.042214113284,
    "ordering_enforced": true
  },
  "sampling_parameters": {
    "sampler_type": "dynamic",
    "n_cores": 15,
    "sampler_kwargs": {
      "bound": "multi",
      "sample": "rwalk",
      "walks": 220,
      "rstate": "Generator(PCG64)"
    },
    "run_kwargs": {
      "dlogz_init": 0.01,
      "nlive_init": 975,
      "nlive_batch": 325,
      "n_effective": 10000,
      "maxiter": null,
      "maxcall": null
    }
  },
  "evidence": {
    "logz": 2709.266946920974,
    "logzerr": 0.22939041027589335
  },
  "model_comparison": {
    "BIC": -5464.1189096347125,
    "AIC": -5520.195034236314
  },
  "goodness_of_fit": {
    "best_sample": {
      "chi_squared": 688.7209688894361,
      "chi_squared_Q": 371.35745365299647,
      "chi_squared_U": 317.3635152364397,
      "reduced_chi_squared": 1.277775452485039
    },
    "importance_weighted": {
      "chi_squared_mean": 703.5655864422528,
      "chi_squared_std": 1.9807004201300762,
      "reduced_chi_squared_mean": 1.3053164869058493
    },
    "dof": 539
  },
  "parameters": {
    "S1_a": {
      "parameter_type": "sampled",
      "mean": 0.007023624687438658,
      "std": 0.0002159171156342587,
      "median": 0.007028038682319646,
      "eti_68": [
        0.00681102801811412,
        0.00723904363099326
      ],
      "eti_99": [
        0.006498504440496729,
        0.007501631376550935
      ]
    },
    "S1_b": {
      "parameter_type": "sampled",
      "mean": -0.005521308483053339,
      "std": 0.00017364191607767375,
      "median": -0.005526977583355837,
      "eti_68": [
        -0.0056953625752949625,
        -0.005346129157263431
      ],
      "eti_99": [
        -0.0059047128473288645,
        -0.005094956935136731
      ]
    },
    "S1_phi_rm": {
      "parameter_type": "sampled",
      "mean": -5.771278533425827,
      "std": 0.32376969096175334,
      "median": -5.779291878011196,
      "eti_68": [
        -6.099447236328309,
        -5.448694716201897
      ],
      "eti_99": [
        -6.4554394450933215,
        -4.981425624209306
      ]
    },
    "T1_a": {
      "parameter_type": "sampled",
      "mean": 0.0022123335454937282,
      "std": 0.00012352168823416174,
      "median": 0.0022124870217869316,
      "eti_68": [
        0.0020891135961421735,
        0.002334586023759961
      ],
      "eti_99": [
        0.0019265995133099666,
        0.0025040623089337085
      ]
    },
    "T1_b": {
      "parameter_type": "sampled",
      "mean": -0.0007731219376714797,
      "std": 0.00011859197826363578,
      "median": -0.0007727133124181062,
      "eti_68": [
        -0.000890303480027326,
        -0.0006560034073178139
      ],
      "eti_99": [
        -0.0010511256442385444,
        -0.0004977915113527715
      ]
    },
    "T1_phi_peak": {
      "parameter_type": "sampled",
      "mean": -87.86958949276871,
      "std": 2.0537291656184333,
      "median": -87.940494738231,
      "eti_68": [
        -89.88395311591425,
        -85.87946158201935
      ],
      "eti_99": [
        -92.39566906220924,
        -82.76565795774596
      ]
    },
    "T1_sigma_phi": {
      "parameter_type": "sampled",
      "mean": 20.800998969616113,
      "std": 0.6813631721866015,
      "median": 20.82006296421874,
      "eti_68": [
        20.129028720730176,
        21.465799277716926
      ],
      "eti_99": [
        19.12789788769733,
        22.32553610440163
      ]
    },
    "T1_N": {
      "parameter_type": "sampled",
      "mean": 19.07943034643453,
      "std": 12.438668434948527,
      "median": 15.355416235541199,
      "eti_68": [
        6.988253351811302,
        33.99740100013491
      ],
      "eti_99": [
        3.8978616208003647,
        48.73760380226736
      ],
      "min": 2.000010900758992
    },
    "T2_a": {
      "parameter_type": "sampled",
      "mean": 0.0018923305492046336,
      "std": 0.0002584412032276302,
      "median": 0.0018855776534444685,
      "eti_68": [
        0.0016343287334971862,
        0.0021472189478160915
      ],
      "eti_99": [
        0.0013167731312761638,
        0.002524838492388328
      ]
    },
    "T2_b": {
      "parameter_type": "sampled",
      "mean": 0.0025711899334257826,
      "std": 0.00015724435071964486,
      "median": 0.0025729224593333934,
      "eti_68": [
        0.002415512789497718,
        0.0027258658251593008
      ],
      "eti_99": [
        0.0022004268818613918,
        0.0029331978193052406
      ]
    },
    "T2_phi_peak": {
      "parameter_type": "sampled",
      "mean": 52.669021234665856,
      "std": 1.1649579382130686,
      "median": 52.64606266152906,
      "eti_68": [
        51.52341554358341,
        53.821698287706425
      ],
      "eti_99": [
        50.05334848793882,
        55.49728915827797
      ]
    },
    "T2_sigma_phi": {
      "parameter_type": "sampled",
      "mean": 33.83352096531085,
      "std": 0.2905872248133242,
      "median": 33.83114122852469,
      "eti_68": [
        33.551221591716505,
        34.12618773819013
      ],
      "eti_99": [
        33.16405090391961,
        34.52884409958231
      ]
    },
    "T2_N": {
      "parameter_type": "sampled",
      "mean": 4.800584387825147,
      "std": 0.5319512061313858,
      "median": 4.7393785712834955,
      "eti_68": [
        4.29504267666752,
        5.3057080051698655
      ],
      "eti_99": [
        3.794975316824149,
        6.314607591104099
      ],
      "min": 2.000669827787623
    },
    "S1_p0": {
      "parameter_type": "derived",
      "mean": 0.008937396755850851,
      "std": 0.00012592449025000376,
      "median": 0.008939230857615924,
      "eti_68": [
        0.0088139887437562,
        0.009064418332067068
      ],
      "eti_99": [
        0.008628626216839118,
        0.009216220493006442
      ]
    },
    "S1_psi_0": {
      "parameter_type": "derived",
      "mean": -19.09055839270921,
      "std": 0.7919676859957299,
      "median": -19.087537314370334,
      "eti_68": [
        -19.872773450890755,
        -18.298428731372713
      ],
      "eti_99": [
        -20.91964121564295,
        -17.25492861692133
      ]
    },
    "T1_p0": {
      "parameter_type": "derived",
      "mean": 0.002346404888076794,
      "std": 0.0001258645636583875,
      "median": 0.0023463351635103907,
      "eti_68": [
        0.002220893407664009,
        0.002471923320453616
      ],
      "eti_99": [
        0.0020501540840584032,
        0.002644657121560154
      ]
    },
    "T1_psi_0": {
      "parameter_type": "derived",
      "mean": -9.628442999572684,
      "std": 1.4196843753114086,
      "median": -9.62611531582582,
      "eti_68": [
        -11.031655772170662,
        -8.241561993566384
      ],
      "eti_99": [
        -12.877849818947398,
        -6.253500094764958
      ]
    },
    "T2_p0": {
      "parameter_type": "derived",
      "mean": 0.003196574327060829,
      "std": 0.00025565721551897366,
      "median": 0.0031981953918603745,
      "eti_68": [
        0.0029404742857077944,
        0.003450680048120873
      ],
      "eti_99": [
        0.0025952076808450878,
        0.0037875081022934643
      ]
    },
    "T2_psi_0": {
      "parameter_type": "derived",
      "mean": 26.90380670562345,
      "std": 1.453607977721166,
      "median": 26.899512955869046,
      "eti_68": [
        25.463976055733244,
        28.357089803808957
      ],
      "eti_99": [
        23.520624772986018,
        30.29506278414002
      ]
    }
  },
  "processed_parameters": {
    "S1_psi_0": {
      "mean": -2.5570632747026676,
      "median": -2.5501799894940462,
      "std": 1.5175150019455712,
      "eti_68": [
        -4.078583304383007,
        -1.029791060664883
      ],
      "eti_99": [
        -6.482205226864623,
        1.0743322122693413
      ],