{"dFDFcorMAD": 1.6360660083591938e-05, "phiPeakPIfit_rm2": 6.441288031152061, "dPhiPeakPIfit_rm2": 1.351374712741732, "ampPeakPIfit": 7.664508913565914e-05, "ampPeakPIfitEff": 7.39883078094355e-05, "dAmpPeakPIfit": 1.3190905894153657e-05, "snrPIfit": 5.8104492406112165, "indxPeakPIfit": 1794.612303296715, "peakFDFimagFit": -4.263893347710897e-05, "peakFDFrealFit": 6.32823279050648e-05, "polAngleFit_deg": 163.01417278241016, "dPolAngleFit_deg": 4.930408746420374, "polAngle0Fit_deg": 163.01417278241016, "dPolAngle0Fit_deg": 4.9775907663927255, "cleanCutoff": 0.00011871815304738292, "nIter": 0, "mom2CCFDF": NaN, "dPhiObserved_rm2": 1.676107956355619, "dAmpObserved": 1.6360660083591938e-05, "dPolAngleFitObserved_deg": 6.115178306980706, "dPolAngleFit0Observed_deg": 6.173698093037781}