{"dFDFcorMAD": 1.6108882846310735e-05, "phiPeakPIfit_rm2": -4.001166918793813, "dPhiPeakPIfit_rm2": 0.41530323568345684, "ampPeakPIfit": 0.0002970463717049608, "ampPeakPIfitEff": 0.00029619426229827945, "dAmpPeakPIfit": 1.4825153781147479e-05, "snrPIfit": 20.036646910381606, "indxPeakPIfit": 1785.139080067173, "peakFDFimagFit": -0.00014276265051923738, "peakFDFrealFit": 0.00025976082428212557, "polAngleFit_deg": 165.60356323657044, "dPolAngleFit_deg": 1.4297746466599561, "polAngle0Fit_deg": 165.60356323657044, "dPolAngle0Fit_deg": 1.43392494464001, "cleanCutoff": 0.0001334263840303273, "nIter": 16, "mom2CCFDF": 0.4890039265155792, "dPhiObserved_rm2": 0.4512648750953304, "dAmpObserved": 1.6108882846310735e-05, "dPolAngleFitObserved_deg": 1.55358066564945, "dPolAngleFit0Observed_deg": 1.5580903432504327}