{"dFDFcorMAD": 2.8692586056422442e-05, "phiPeakPIfit_rm2": 0.5664128275887759, "dPhiPeakPIfit_rm2": 0.20409690079300077, "ampPeakPIfit": 0.0008269620418320957, "ampPeakPIfitEff": 0.0008264124295333632, "dAmpPeakPIfit": 1.9876957862251024e-05, "snrPIfit": 41.60405468296565, "indxPeakPIfit": 1798.4073105797813, "peakFDFimagFit": 0.0002460365401977946, "peakFDFrealFit": 0.0007861843587814659, "polAngleFit_deg": 8.68876024457188, "dPolAngleFit_deg": 0.6885840809230245, "polAngle0Fit_deg": 8.68876024457188, "dPolAngle0Fit_deg": 0.6908017487607664, "cleanCutoff": 0.00017889262076025922, "nIter": 25, "mom2CCFDF": 2.8478801250457764, "dPhiObserved_rm2": 0.29461590301872786, "dAmpObserved": 2.8692586056422442e-05, "dPolAngleFitObserved_deg": 0.9939779585933561, "dPolAngleFit0Observed_deg": 0.9971791841390326}