{"dFDFcorMAD": 4.3691998143913224e-05, "phiPeakPIfit_rm2": 0.517265299575751, "dPhiPeakPIfit_rm2": 0.19385302631614865, "ampPeakPIfit": 0.0008706616193658185, "ampPeakPIfitEff": 0.0008701396097712347, "dAmpPeakPIfit": 1.9876957862251024e-05, "snrPIfit": 43.80255899316063, "indxPeakPIfit": 1798.371968322059, "peakFDFimagFit": 0.00025321022228368866, "peakFDFrealFit": 0.0008299176177870273, "polAngleFit_deg": 8.48354827864076, "dPolAngleFit_deg": 0.6540231989873986, "polAngle0Fit_deg": 8.48354827864076, "dPolAngle0Fit_deg": 0.6561295593487754, "Ifreq0": 0.06304435862327581, "polyCoeffs": "0.0,-23.74389,0.07780965,0.819094,-0.47950277,0.06304436", "polyCoefferr": "0.0,6.6637406,0.4633014,0.10736488,0.0045152977,4.853591e-05", "polyOrd": 4, "IfitStat": 1, "IfitChiSqRed": 2.106806985241711, "fit_function": "log", "lam0Sq_m2": 0, "freq0_Hz": 1203446390.5529292, "fwhmRMSF": 16.98251724243164, "dQU": 0.00024900000425986946, "dFDFth": 1.9876957862251024e-05, "units": "Jy/beam", "min_freq": 901127552.0, "max_freq": 1646783872.0, "N_channels": 157, "median_channel_width": 3343744.0, "fracPol": 0.013802021763291941, "sigmaAddQ": 0.5691073457349927, "dSigmaAddMinusQ": 0.1817589690471006, "dSigmaAddPlusQ": 0.1394175660674588, "sigmaAddU": 0.7245078126323748, "dSigmaAddMinusU": 0.12574601902522098, "dSigmaAddPlusU": 0.12191869207896966, "sigmaAddC": 0.6731105177266642, "dSigmaAddMinusC": 0.08957533175498911, "dSigmaAddPlusC": 0.08717553276850798}