{
  "metadata": {
    "model_type": "S",
    "n_components": 1,
    "component_names": [
      "S1"
    ],
    "n_params": 3,
    "n_data": 334,
    "n_iter": 13491,
    "n_eff": 10139.124892795788,
    "ordering_enforced": true
  },
  "sampling_parameters": {
    "sampler_type": "dynamic",
    "n_cores": 15,
    "sampler_kwargs": {
      "bound": "multi",
      "sample": "rwalk",
      "walks": 70,
      "rstate": "Generator(PCG64)"
    },
    "run_kwargs": {
      "dlogz_init": 0.01,
      "nlive_init": 225,
      "nlive_batch": 75,
      "n_effective": 10000,
      "maxiter": null,
      "maxcall": null
    }
  },
  "evidence": {
    "logz": 1198.7635501760979,
    "logzerr": 0.08426413593434916
  },
  "model_comparison": {
    "BIC": -2401.275593783822,
    "AIC": -2412.709016762752
  },
  "goodness_of_fit": {
    "best_sample": {
      "chi_squared": 357.93616971727687,
      "chi_squared_Q": 169.10419988351083,
      "chi_squared_U": 188.83196983376604,
      "reduced_chi_squared": 1.0813781562455496
    },
    "importance_weighted": {
      "chi_squared_mean": 360.3803798248439,
      "chi_squared_std": 0.20910579829278952,
      "reduced_chi_squared_mean": 1.0887624768122173
    },
    "dof": 331
  },
  "parameters": {
    "S1_a": {
      "parameter_type": "sampled",
      "mean": 0.0007299356246483201,
      "std": 0.000490700063708154,
      "median": 0.0007341572920903139,
      "eti_68": [
        0.00024345355075847404,
        0.0012154263178485868
      ],
      "eti_99": [
        -0.00042770885919063526,
        0.0018549539987435008
      ]
    },
    "S1_b": {
      "parameter_type": "sampled",
      "mean": -0.0040883808203503935,
      "std": 0.00048736269153110546,
      "median": -0.0040894429598322575,
      "eti_68": [
        -0.004567641771590955,
        -0.00360954250996065
      ],
      "eti_99": [
        -0.005207488161456642,
        -0.0029435696044396793
      ]
    },
    "S1_phi_rm": {
      "parameter_type": "sampled",
      "mean": -4.636013995394386,
      "std": 0.6356683005937609,
      "median": -4.639947954818119,
      "eti_68": [
        -5.257310413611728,
        -4.0004653199877
      ],
      "eti_99": [
        -6.103332295815979,
        -3.1720142120460766
      ]
    },
    "S1_p0": {
      "parameter_type": "derived",
      "mean": 0.004182199209912493,
      "std": 0.00048493141902878836,
      "median": 0.004184711046794674,
      "eti_68": [
        0.0037002025554493468,
        0.004659911562560301
      ],
      "eti_99": [
        0.003050009362105278,
        0.005301968643063696
      ]
    },
    "S1_psi_0": {
      "parameter_type": "derived",
      "mean": -39.936909966093204,
      "std": 3.4177354900523578,
      "median": -39.925629069142346,
      "eti_68": [
        -43.33374250754269,
        -36.51916517617407
      ],
      "eti_99": [
        -48.03712045087848,
        -32.00610931120881
      ]
    }
  },
  "processed_parameters": {
    "S1_psi_0": {
      "mean": -26.655708181110295,
      "median": -26.60642729420329,
      "std": 3.9869121974058115,
      "eti_68": [
        -30.66869267632075,
        -22.710657912007495
      ],
      "eti_99": [
        -37.072345020409614,
        -16.42970728566683
      ],
      "mode_1": {
        "mode": -25.71032740461739,
        "peak_height": 5.641569635278426,
        "hdi_68": [
          -30.420559123367482,
          -22.488665065931134
        ],
        "hdi_99": [
          -36.63208838534821,
          -16.05933548157908
        ],
        "posterior_mass": 1.0,
        "likelihood_max": 1209.3520154344358,
        "likelihood_std": 0.010305873602891145,
        "n_samples_in_hdi": 13491
      }
    },
    "S1_p0": {
      "mean": 0.0041544696382493345,
      "median": 0.004157389981217682,
      "std": 0.00048827857779198085,
      "eti_68": [
        0.0036692756590322967,
        0.004635392182082362
      ],
      "eti_99": [
        0.0028991667409205084,
        0.005394191013715389
      ],
      "mode_1": {
        "mode": 0.00414076589629158,
        "peak_height": 808.3135641670535,
        "hdi_68": [
          0.0036978173445555407,
          0.004658566324301814
        ],
        "hdi_99": [
          0.0028980693010468967,
          0.005389685959041563
        ],
        "posterior_mass": 1.0,
        "likelihood_max": 1209.354508381376,
        "likelihood_std": 0.01074657653440672,
        "n_samples_in_hdi": 13491
      }
    },
    "S1_phi_rm": {
      "mean": -4.63601399539438,
      "median": -4.639947954818132,
      "std": 0.635668300593766,
      "eti_68": [
        -5.2573104136117035,
        -4.000431465856504
      ],
      "eti_99": [
        -6.273175561662946,
        -3.055612642856195
      ],
      "mode_1": {
        "mode": -4.6186658283688535,
        "peak_height": 0.6047384574695798,
        "hdi_68": [
          -5.285242906270537,
          -4.0313434351977815
        ],
        "hdi_99": [
          -6.297269328601028,
          -3.1039499056212247
        ],
        "posterior_mass": 1.0,
        "likelihood_max": 1209.312053662687,
        "likelihood_std": 0.009419270345564243,
        "n_samples_in_hdi": 13491
      }
    }
  },
  "stokes_i_fit": {
    "model": "power-law",
    "I0": 0.030780046914860238,
    "I0_err": 2.421987292688517e-05,
    "alpha_lambda2": 0.28790370711530744,
    "alpha_lambda2_err": 0.0023754483189644595,
    "alpha_nu": -0.5758074142306149,
    "alpha_nu_err": 0.004750896637928919,
    "freq0_GHz": 1.28
  }
}