{"dFDFcorMAD": 2.456053698551841e-05, "phiPeakPIfit_rm2": -3.9657607696157786, "dPhiPeakPIfit_rm2": 0.255744884833296, "ampPeakPIfit": 0.0005062942619431863, "ampPeakPIfitEff": 0.000505743706057099, "dAmpPeakPIfit": 1.5564500581751034e-05, "snrPIfit": 32.528783001030114, "indxPeakPIfit": 1785.1643962166554, "peakFDFimagFit": 3.5154193039322316e-05, "peakFDFrealFit": 0.0005039131292177501, "polAngleFit_deg": 1.9953130225116764, "dPolAngleFit_deg": 0.8806935616261434, "polAngle0Fit_deg": 1.9953130225116764, "dPolAngle0Fit_deg": 0.8833107845182397, "Ifreq0": 0.006697076857929777, "polyCoeffs": "0.0,-198.11932,-3.3483205,3.718221,-0.74928606,0.006697077", "polyCoefferr": "0.0,47.031956,2.955467,0.7509828,0.03159249,3.2873875e-05", "polyOrd": 4, "IfitStat": 1, "IfitChiSqRed": 1.2867108411253716, "fit_function": "log", "lam0Sq_m2": 0, "freq0_Hz": 1230546468.2489634, "fwhmRMSF": 16.638139724731445, "dQU": 0.00020199999562464654, "dFDFth": 1.5564500581751034e-05, "units": "Jy/beam", "min_freq": 904471296.0, "max_freq": 1646783872.0, "N_channels": 170, "median_channel_width": 3343744.0, "fracPol": 0.07551708256987753, "sigmaAddQ": 0.022322600015990096, "dSigmaAddMinusQ": 0.015410866263321561, "dSigmaAddPlusQ": 0.07641542081903308, "sigmaAddU": 0.023451569930118092, "dSigmaAddMinusU": 0.01691641558322038, "dSigmaAddPlusU": 0.08478101920072975, "sigmaAddC": 0.01914959943309023, "dSigmaAddMinusC": 0.012237865680421695, "dSigmaAddPlusC": 0.059597621983809315}