{"dFDFcorMAD": 1.508607056166511e-05, "phiPeakPIfit_rm2": -4.045567270518998, "dPhiPeakPIfit_rm2": 0.25643974887775894, "ampPeakPIfit": 0.0005049223775918648, "ampPeakPIfitEff": 0.0005043703241991892, "dAmpPeakPIfit": 1.5564500581751034e-05, "snrPIfit": 32.44064112046569, "indxPeakPIfit": 1785.107332871631, "peakFDFimagFit": 4.028357236695254e-05, "peakFDFrealFit": 0.0005023883971189227, "polAngleFit_deg": 2.2922017074858196, "dPolAngleFit_deg": 0.8830864239137428, "polAngle0Fit_deg": 2.2922017074858196, "dPolAngle0Fit_deg": 0.8857107578535743, "cleanCutoff": 0.00014008050523575932, "nIter": 20, "mom2CCFDF": 0.4291054308414459, "dPhiObserved_rm2": 0.24855716545903592, "dAmpObserved": 1.508607056166511e-05, "dPolAngleFitObserved_deg": 0.8559416367545568, "dPolAngleFit0Observed_deg": 0.8584853025012169}