{"dFDFcorMAD": 1.4897298569849227e-05, "phiPeakPIfit_rm2": -1.812236898482571, "dPhiPeakPIfit_rm2": 0.3850895955247214, "ampPeakPIfit": 0.0003364383340259947, "ampPeakPIfitEff": 0.00033562290655016956, "dAmpPeakPIfit": 1.5435943387500965e-05, "snrPIfit": 21.795774030787182, "indxPeakPIfit": 1748.731302818697, "peakFDFimagFit": 4.512055959310735e-05, "peakFDFrealFit": -0.0003320750402900881, "polAngleFit_deg": 86.131172303406, "dPolAngleFit_deg": 1.3143781779016042, "polAngle0Fit_deg": 86.131172303406, "dPolAngle0Fit_deg": 1.3289021345876393, "cleanCutoff": 0.00013892349048750868, "nIter": 17, "mom2CCFDF": 0.6324454545974731, "dPhiObserved_rm2": 0.3716517051571682, "dAmpObserved": 1.4897298569849227e-05, "dPolAngleFitObserved_deg": 1.268512306526712, "dPolAngleFit0Observed_deg": 1.28252944261848}