{
  "metadata": {
    "model_type": "SS",
    "n_components": 2,
    "component_names": [
      "S1",
      "S2"
    ],
    "n_params": 6,
    "n_data": 314,
    "n_iter": 20616,
    "n_eff": 10291.732473532225,
    "ordering_enforced": true
  },
  "sampling_parameters": {
    "sampler_type": "dynamic",
    "n_cores": 15,
    "sampler_kwargs": {
      "bound": "multi",
      "sample": "rwalk",
      "walks": 115,
      "rstate": "Generator(PCG64)"
    },
    "run_kwargs": {
      "dlogz_init": 0.01,
      "nlive_init": 450,
      "nlive_batch": 150,
      "n_effective": 10000,
      "maxiter": null,
      "maxcall": null
    }
  },
  "evidence": {
    "logz": 1427.9299133960687,
    "logzerr": 0.13894690486526456
  },
  "model_comparison": {
    "BIC": -2872.013165799701,
    "AIC": -2894.5095237151504
  },
  "goodness_of_fit": {
    "best_sample": {
      "chi_squared": 395.24049415961383,
      "chi_squared_Q": 178.1166110709412,
      "chi_squared_U": 217.12388308867264,
      "reduced_chi_squared": 1.2832483576610838
    },
    "importance_weighted": {
      "chi_squared_mean": 400.3178730499028,
      "chi_squared_std": 0.29479090453155227,
      "reduced_chi_squared_mean": 1.299733354058126
    },
    "dof": 308
  },
  "parameters": {
    "S1_a": {
      "parameter_type": "sampled",
      "mean": 0.005251279275386792,
      "std": 0.0021226121476164064,
      "median": 0.005700881468723517,
      "eti_68": [
        0.0031484510068177365,
        0.007239448537905075
      ],
      "eti_99": [
        -0.001124480736082783,
        0.008418994529279245
      ]
    },
    "S1_b": {
      "parameter_type": "sampled",
      "mean": -0.009967224703206117,
      "std": 0.0036271992013423783,
      "median": -0.009252898244322775,
      "eti_68": [
        -0.013971688221892077,
        -0.006325449528361361
      ],
      "eti_99": [
        -0.019295157064822065,
        -0.00429397882782049
      ]
    },
    "S1_phi_rm": {
      "parameter_type": "sampled",
      "mean": -3.355991550082426,
      "std": 0.6103859631768591,
      "median": -3.3550189026797197,
      "eti_68": [
        -3.971297387424123,
        -2.757742218710006
      ],
      "eti_99": [
        -4.738162655132689,
        -1.9145357788931907
      ]
    },
    "S2_a": {
      "parameter_type": "sampled",
      "mean": 0.005577102065828947,
      "std": 0.0020931062167174447,
      "median": 0.005131306341807333,
      "eti_68": [
        0.0036168762528608132,
        0.00764816554186685
      ],
      "eti_99": [
        0.0024410627123437477,
        0.01183984035420547
      ]
    },
    "S2_b": {
      "parameter_type": "sampled",
      "mean": 0.007670504475188881,
      "std": 0.0035879899056257348,
      "median": 0.006953244591344867,
      "eti_68": [
        0.004091341554161447,
        0.011657514695775383
      ],
      "eti_99": [
        0.002123738894958765,
        0.016973625986703517
      ]
    },
    "S2_phi_rm": {
      "parameter_type": "sampled",
      "mean": 3.044510399765237,
      "std": 2.7625870179769363,
      "median": 2.5791974359208285,
      "eti_68": [
        0.35569832512277616,
        5.804719741222181
      ],
      "eti_99": [
        -1.2307885410367276,
        11.02096117679109
      ]
    },
    "S1_p0": {
      "parameter_type": "derived",
      "mean": 0.011728887282021233,
      "std": 0.002648721834937187,
      "median": 0.010920318117873088,
      "eti_68": [
        0.009325374281469876,
        0.014520667229153149
      ],
      "eti_99": [
        0.00821867788804784,
        0.019431466001717898
      ]
    },
    "S1_psi_0": {
      "parameter_type": "derived",
      "mean": -29.67580232009692,
      "std": 7.961533858743038,
      "median": -29.249434985882267,
      "eti_68": [
        -38.38448983353942,
        -21.13601286369367
      ],
      "eti_99": [
        -46.784166363676505,
        -14.258466639268445
      ]
    },
    "S2_p0": {
      "parameter_type": "derived",
      "mean": 0.009578357418543876,
      "std": 0.003930695280907581,
      "median": 0.008741480193729875,
      "eti_68": [
        0.005694771195791621,
        0.013910646340087453
      ],
      "eti_99": [
        0.0036624448928513683,
        0.019820195436531986
      ]
    },
    "S2_psi_0": {
      "parameter_type": "derived",
      "mean": 26.142273827930637,
      "std": 4.2735583682033695,
      "median": 26.202802439496825,
      "eti_68": [
        21.877161625197395,
        30.412251347982966
      ],
      "eti_99": [
        15.990304214969605,
        35.683854727607844
      ]
    }
  },
  "processed_parameters": {
    "S1_psi_0": {
      "mean": -20.06159472503846,
      "median": -19.846506614892636,
      "std": 7.960593418354531,
      "eti_68": [
        -28.895606635144915,
        -11.370563383592467
      ],
      "eti_99": [
        -37.27785478208431,
        -2.6458602007277956
      ],
      "mode_1": {
        "mode": -15.964653064068598,
        "peak_height": 2.4599511247995305,
        "hdi_68": [
          -29.29944333038925,
          -11.920445805208098
        ],
        "hdi_99": [
          -36.949880228491466,
          -2.5300460931234703
        ],
        "posterior_mass": 1.0,
        "likelihood_max": 1453.2081598832942,
        "likelihood_std": 0.039682268140326216,
        "n_samples_in_hdi": 20616
      }
    },
    "S1_p0": {
      "mean": 0.011727704908299844,
      "median": 0.010919063512365997,
      "std": 0.0026489492840101004,
      "eti_68": [
        0.00932394633871277,
        0.014519599292897428
      ],
      "eti_99": [
        0.008035577032806664,
        0.020047395570414486
      ],
      "mode_1": {
        "mode": 0.009670537794446571,
        "peak_height": 227.88002759745618,
        "hdi_68": [
          0.0084832385046666,
          0.012681416120108051
        ],
        "hdi_99": [
          0.007671518605472965,
          0.019511346774893155
        ],
        "posterior_mass": 1.0,
        "likelihood_max": 1453.1392259908696,
        "likelihood_std": 0.04483854768558324,
        "n_samples_in_hdi": 20616
      }
    },
    "S1_phi_rm": {
      "mean": -3.355991550082494,
      "median": -3.3550189026798245,
      "std": 0.6103859631768092,
      "eti_68": [
        -3.9712629872501046,
        -2.757742218710268
      ],
      "eti_99": [
        -4.90536745541316,
        -1.767023476033658
      ],
      "mode_1": {
        "mode": -3.3944188925183756,
        "peak_height": 0.6566812380164354,
        "hdi_68": [
          -3.9283499137431894,
          -2.7216633154645993
        ],
        "hdi_99": [
          -4.8511742882046205,
          -1.739870292639277
        ],
        "posterior_mass": 1.0,
        "likelihood_max": 1453.2547618575752,
        "likelihood_std": 0.04140925597968288,
        "n_samples_in_hdi": 20616
      }
    },
    "S2_psi_0": {
      "mean": 17.42039447964943,
      "median": 19.199503511168924,
      "std": 10.595290711178817,
      "eti_68": [
        6.703855618665638,
        27.823214750038765
      ],
      "eti_99": [
        -16.869093879074832,
        34.13727097051127
      ],
      "mode_1": {
        "mode": 25.773984344859098,
        "peak_height": 2.4186954116385877,
        "hdi_68": [
          11.540442805811672,
          30.60902052021222
        ],
        "hdi_99": [
          -12.775778160155307,
          35.492606104588575
        ],
        "posterior_mass": 1.0,
        "likelihood_max": 1453.232050079915,
        "likelihood_std": 0.03853524266612918,
        "n_samples_in_hdi": 20616
      }
    },
    "S2_p0": {
      "mean": 0.009576718572511161,
      "median": 0.008739910976569919,
      "std": 0.003931313833730107,
      "eti_68": [
        0.005692430342973541,
        0.013909462096146172
      ],
      "eti_99": [
        0.003390967106469622,
        0.020824003024724855
      ],
      "mode_1": {
        "mode": 0.007093122330054222,
        "peak_height": 115.33866460638146,