{
  "metadata": {
    "model_type": "SS",
    "n_components": 2,
    "component_names": [
      "S1",
      "S2"
    ],
    "n_params": 6,
    "n_data": 314,
    "n_iter": 20337,
    "n_eff": 10117.536608528464,
    "ordering_enforced": true
  },
  "sampling_parameters": {
    "sampler_type": "dynamic",
    "n_cores": 15,
    "sampler_kwargs": {
      "bound": "multi",
      "sample": "rwalk",
      "walks": 115,
      "rstate": "Generator(PCG64)"
    },
    "run_kwargs": {
      "dlogz_init": 0.01,
      "nlive_init": 450,
      "nlive_batch": 150,
      "n_effective": 10000,
      "maxiter": null,
      "maxcall": null
    }
  },
  "evidence": {
    "logz": 1428.8264057974504,
    "logzerr": 0.1345119231184811
  },
  "model_comparison": {
    "BIC": -2872.0048223276176,
    "AIC": -2894.501180243067
  },
  "goodness_of_fit": {
    "best_sample": {
      "chi_squared": 395.2488376316972,
      "chi_squared_Q": 178.15395703907518,
      "chi_squared_U": 217.09488059262202,
      "reduced_chi_squared": 1.2832754468561598
    },
    "importance_weighted": {
      "chi_squared_mean": 399.79401345429653,
      "chi_squared_std": 0.29696487735447163,
      "reduced_chi_squared_mean": 1.2980325112152484
    },
    "dof": 308
  },
  "parameters": {
    "S1_a": {
      "parameter_type": "sampled",
      "mean": -0.01432117000714505,
      "std": 0.02233387572661477,
      "median": 0.0020893626304007637,
      "eti_68": [
        -0.041916406788430303,
        0.00643136214546062
      ],
      "eti_99": [
        -0.055429417656995696,
        0.008305273028818592
      ]
    },
    "S1_b": {
      "parameter_type": "sampled",
      "mean": -0.04630748033368539,
      "std": 0.040314365929574936,
      "median": -0.017709296275096507,
      "eti_68": [
        -0.09354549242743031,
        -0.0077700267607054285
      ],
      "eti_99": [
        -0.1034471883643054,
        -0.004386713242652777
      ]
    },
    "S1_phi_rm": {
      "parameter_type": "sampled",
      "mean": -3.3658916005975175,
      "std": 0.5084790042222281,
      "median": -3.367789256741144,
      "eti_68": [
        -3.832147804844319,
        -2.8970805576659493
      ],
      "eti_99": [
        -4.89233659610017,
        -1.9735106408156315
      ]
    },
    "S2_a": {
      "parameter_type": "sampled",
      "mean": 0.025125820292604437,
      "std": 0.02230523612721458,
      "median": 0.008697656178295501,
      "eti_68": [
        0.004409444532557139,
        0.05269888147962761
      ],
      "eti_99": [
        0.002548199872450528,
        0.06616268602479236
      ]
    },
    "S2_b": {
      "parameter_type": "sampled",
      "mean": 0.043955872812812755,
      "std": 0.04026401225229586,
      "median": 0.015322994842057878,
      "eti_68": [
        0.005475996919604646,
        0.09114813195355392
      ],
      "eti_99": [
        0.0021755194095884945,
        0.10120540409118331
      ]
    },
    "S2_phi_rm": {
      "parameter_type": "sampled",
      "mean": 0.18413772217089883,
      "std": 3.3967613925223215,
      "median": -0.18576815463009216,
      "eti_68": [
        -2.993569065783652,
        3.6963772793210934
      ],
      "eti_99": [
        -3.580366032616839,
        10.390150758446643
      ]
    },
    "S1_p0": {
      "parameter_type": "derived",
      "mean": 0.050872172527770265,
      "std": 0.04342265811320828,
      "median": 0.018064510420938915,
      "eti_68": [
        0.009935919422899748,
        0.10170101979058241
      ],
      "eti_99": [
        0.008271618560173806,
        0.10681687781228
      ]
    },
    "S1_psi_0": {
      "parameter_type": "derived",
      "mean": -42.13970100524552,
      "std": 14.423450459939824,
      "median": -41.52070012752099,
      "eti_68": [
        -57.47370954262008,
        -25.64651744031145
      ],
      "eti_99": [
        -61.67164350202467,
        -14.492546679537126
      ]
    },
    "S2_p0": {
      "parameter_type": "derived",
      "mean": 0.05088006898165366,
      "std": 0.04575320661445374,
      "median": 0.017453106504659522,
      "eti_68": [
        0.007236279344093626,
        0.10445545319225334
      ],
      "eti_99": [
        0.0037753390250748935,
        0.10932195495007654
      ]
    },
    "S2_psi_0": {
      "parameter_type": "derived",
      "mean": 28.387728964240395,
      "std": 4.0718442321486865,
      "median": 29.080251598734527,
      "eti_68": [
        24.05526493183623,
        32.19660491684432
      ],
      "eti_99": [
        15.491050799106924,
        36.43170001420995
      ]
    }
  },
  "processed_parameters": {
    "S1_psi_0": {
      "mean": -32.497131854618296,
      "median": -32.65249017634929,
      "std": 14.31083122150462,
      "eti_68": [
        -47.41225718791369,
        -15.894733322181663
      ],
      "eti_99": [
        -51.35250092788092,
        -4.001784766396836
      ],
      "mode_1": {
        "mode": -46.64805672465269,
        "peak_height": 3.3432217359456784,
        "hdi_68": [
          -49.327481725576106,
          -43.948979134691676
        ],
        "hdi_99": [
          -51.39803217369438,
          -32.26917552487393
        ],
        "posterior_mass": 0.5052825128789431,
        "likelihood_max": 1453.2331715003133,
        "likelihood_std": 0.03374797338239429,
        "n_samples_in_hdi": 8631
      },
      "mode_2": {
        "mode": -17.758056724652693,
        "peak_height": 1.6089932678435084,
        "hdi_68": [
          -27.31240451311117,
          -12.647284226407518
        ],
        "hdi_99": [
          -32.17264493819987,
          -3.9821709062615835
        ],
        "posterior_mass": 0.4947174871210569,
        "likelihood_max": 1453.0918102319426,
        "likelihood_std": 0.06779119572617387,
        "n_samples_in_hdi": 11706
      }
    },
    "S1_p0": {
      "mean": 0.05087148111986909,
      "median": 0.01806211548002243,
      "std": 0.043423162697926836,
      "eti_68": [
        0.009934313228384003,
        0.10168015952234528
      ],
      "eti_99": [
        0.008270013682121744,
        0.1068116256431842
      ],
      "mode_1": {
        "mode": 0.011688810797276055,
        "peak_height": 28.29071451034798,
        "hdi_68": [
          0.008406002919619791,
          0.013793651009930843
        ],
        "hdi_99": [
          0.007908421754351812,
          0.039540654588350425
        ],
        "posterior_mass": 0.5752428822269877,
        "likelihood_max": 1453.1115798896635,
        "likelihood_std": 0.08364102651545616,
        "n_samples_in_hdi": 12895
      },
      "mode_2": {
        "mode": 0.10092866007271661,
        "peak_height": 21.912829409048904,
        "hdi_68": [
          0.09621871255408691,
          0.10345118859858166
        ],
        "hdi_99": [
          0.0868661296605799,
          0.1071510683136015
        ],
        "posterior_mass": 0.42475711777301234,
        "likelihood_max": 1453.2331715003133,
        "likelihood_std": 0.03580023815241522,
        "n_samples_in_hdi": 7442
      }
    },
    "S1_phi_rm": {
      "mean": -3.3658916005975876,
      "median": -3.367789264966324,
      "std": 0.5084790042221741,
      "eti_68": [
        -3.8321209122981323,
        -2.896689246661127
      ],
      "eti_99": [
        -4.892336598216831,
        -1.973355070319223
      ],
      "mode_1": {
        "mode": -3.440602183480998,
        "peak_height": 0.8699686989396012,
        "hdi_68": [
          -3.8472669918828024,
          -2.9169350002293033
        ],
        "hdi_99": [
          -4.89247039853631,
          -1.975595764774463
        ],
        "posterior_mass": 1.0,
        "likelihood_max": 1453.239847788438,
        "likelihood_std": 0.03141051999052621,
        "n_samples_in_hdi": 20337
      }
    },
    "S2_psi_0": {
      "mean": 27.86024097596487,
      "median": 31.490174299543476,
      "std": 12.504569768894198,
      "eti_68": [
        14.312187554193335,
        39.3297480599552
      ],