{
  "metadata": {
    "model_type": "S",
    "n_components": 1,
    "component_names": [
      "S1"
    ],
    "n_params": 3,
    "n_data": 138,
    "n_iter": 13539,
    "n_eff": 10226.869692964914,
    "ordering_enforced": true
  },
  "sampling_parameters": {
    "sampler_type": "dynamic",
    "n_cores": 15,
    "sampler_kwargs": {
      "bound": "multi",
      "sample": "rwalk",
      "walks": 70,
      "rstate": "Generator(PCG64)"
    },
    "run_kwargs": {
      "dlogz_init": 0.01,
      "nlive_init": 225,
      "nlive_batch": 75,
      "n_effective": 10000,
      "maxiter": null,
      "maxcall": null
    }
  },
  "evidence": {
    "logz": 687.7251391641772,
    "logzerr": 0.0856489669915966
  },
  "model_comparison": {
    "BIC": -1382.2741546260381,
    "AIC": -1391.0559156815098
  },
  "goodness_of_fit": {
    "best_sample": {
      "chi_squared": 140.92125705573488,
      "chi_squared_Q": 73.21123099269401,
      "chi_squared_U": 67.71002606304086,
      "reduced_chi_squared": 1.043861163375814
    },
    "importance_weighted": {
      "chi_squared_mean": 143.24524639806677,
      "chi_squared_std": 0.19897810399628504,
      "reduced_chi_squared_mean": 1.061075899244939
    },
    "dof": 135
  },
  "parameters": {
    "S1_a": {
      "parameter_type": "sampled",
      "mean": 0.0027623033742127565,
      "std": 0.00017596462043747312,
      "median": 0.0027611426508664565,
      "eti_68": [
        0.0025861250598489703,
        0.00293823914449112
      ],
      "eti_99": [
        0.002308846230283358,
        0.0032067042891772727
      ]
    },
    "S1_b": {
      "parameter_type": "sampled",
      "mean": 0.0015933631885397198,
      "std": 0.00018274803870708088,
      "median": 0.0015924093175628102,
      "eti_68": [
        0.0014103876936516961,
        0.0017733114891636788
      ],
      "eti_99": [
        0.0011236327742220474,
        0.0020617793746463735
      ]
    },
    "S1_phi_rm": {
      "parameter_type": "sampled",
      "mean": -2.181245150486397,
      "std": 0.5983626056434697,
      "median": -2.1789284865884664,
      "eti_68": [
        -2.781128877554939,
        -1.5838461617816422
      ],
      "eti_99": [
        -3.7293989827268974,
        -0.6579482829649924
      ]
    },
    "S1_p0": {
      "parameter_type": "derived",
      "mean": 0.0031940739773822025,
      "std": 0.00017712926550999083,
      "median": 0.003192119979699383,
      "eti_68": [
        0.003019278589391499,
        0.003369805519942271
      ],
      "eti_99": [
        0.0027307604874234497,
        0.0036444710132490215
      ]
    },
    "S1_psi_0": {
      "parameter_type": "derived",
      "mean": 14.985951565281088,
      "std": 1.6323239607998756,
      "median": 14.967125046243256,
      "eti_68": [
        13.370471367260995,
        16.60703863228898
      ],
      "eti_99": [
        10.762229361967359,
        19.191649817383038
      ]
    }
  },
  "processed_parameters": {
    "S1_psi_0": {
      "mean": 21.234758625593948,
      "median": 21.22176334201088,
      "std": 2.5409550042740863,
      "eti_68": [
        18.70501540603497,
        23.745399944431746
      ],
      "eti_99": [
        14.874611629907088,
        27.770827165398646
      ],
      "mode_1": {
        "mode": 20.964720557004366,
        "peak_height": 8.77506116555209,
        "hdi_68": [
          18.74836062435893,
          23.772933121578088
        ],
        "hdi_99": [
          14.821500542278127,
          27.67307001517899
        ],
        "posterior_mass": 1.0,
        "likelihood_max": 698.5279578407549,
        "likelihood_std": 0.0048751619710720815,
        "n_samples_in_hdi": 13539
      }
    },
    "S1_p0": {
      "mean": 0.0031890204984965256,
      "median": 0.003187079119961791,
      "std": 0.0001774118703942821,
      "eti_68": [
        0.0030139486645345305,
        0.0033650308459705555
      ],
      "eti_99": [
        0.002724866270437794,
        0.00364005663671752
      ],
      "mode_1": {
        "mode": 0.0031762151603629564,
        "peak_height": 2250.4872209483083,
        "hdi_68": [
          0.0030198807179248237,
          0.00337066898565369
        ],
        "hdi_99": [
          0.002738806485530795,
          0.003650930048454002
        ],
        "posterior_mass": 1.0,
        "likelihood_max": 698.5279578407549,
        "likelihood_std": 0.0048751619710720815,
        "n_samples_in_hdi": 13539
      }
    },
    "S1_phi_rm": {
      "mean": -2.1812451504864043,
      "median": -2.1789284865884673,
      "std": 0.5983626056434772,
      "eti_68": [
        -2.781128877554945,
        -1.5836647228793899
      ],
      "eti_99": [
        -3.7293989827269027,
        -0.657948282964983
      ],
      "mode_1": {
        "mode": -2.1776781347876546,
        "peak_height": 0.6587052015922678,
        "hdi_68": [
          -2.8117350449912886,
          -1.6186556692732281
        ],
        "hdi_99": [
          -3.653144960710071,
          -0.613754714949754
        ],
        "posterior_mass": 1.0,
        "likelihood_max": 698.5279578407549,
        "likelihood_std": 0.006410443918311269,
        "n_samples_in_hdi": 13539
      }
    }
  },
  "stokes_i_fit": {
    "model": "power-law",
    "I0": 0.09597491946318189,
    "I0_err": 7.103343741139177e-05,
    "alpha_lambda2": 0.02360440774296179,
    "alpha_lambda2_err": 0.002336325523939654,
    "alpha_nu": -0.04720881548592358,
    "alpha_nu_err": 0.004672651047879308,
    "freq0_GHz": 1.28
  }
}