{"dFDFcorMAD": 1.5916095435386524e-05, "phiPeakPIfit_rm2": -4.469305053752081, "dPhiPeakPIfit_rm2": 0.06368144850156221, "ampPeakPIfit": 0.0019555148253978466, "ampPeakPIfitEff": 0.001955395246041531, "dAmpPeakPIfit": 1.4259460764102288e-05, "snrPIfit": 137.1380627744907, "indxPeakPIfit": 1783.8045212747238, "peakFDFimagFit": 0.000643009598972163, "peakFDFrealFit": -0.0018398704227069497, "polAngleFit_deg": 80.36808810409751, "dPolAngleFit_deg": 0.20889816566571778, "polAngle0Fit_deg": 80.36808810409752, "dPolAngle0Fit_deg": 0.209541921169149, "cleanCutoff": 0.0001283351468769206, "nIter": 75, "mom2CCFDF": 10.301438331604004, "dPhiObserved_rm2": 0.07107982753219669, "dAmpObserved": 1.5916095435386524e-05, "dPolAngleFitObserved_deg": 0.23316752267259147, "dPolAngleFit0Observed_deg": 0.23388606835949854}