{"dFDFcorMAD": 7.47424055589363e-05, "phiPeakPIfit_rm2": -4.466811696724193, "dPhiPeakPIfit_rm2": 0.05241182484972278, "ampPeakPIfit": 0.0023759908571142426, "ampPeakPIfitEff": 0.00237589244053293, "dAmpPeakPIfit": 1.4259460764102288e-05, "snrPIfit": 166.62557556844783, "indxPeakPIfit": 1783.8063039834988, "peakFDFimagFit": 0.0007633008776703153, "peakFDFrealFit": -0.002243064622563668, "polAngleFit_deg": 80.60344068733681, "dPolAngleFit_deg": 0.17192972722709635, "polAngle0Fit_deg": 80.60344068733681, "dPolAngle0Fit_deg": 0.17245955815094935, "Ifreq0": 0.10673496615639402, "polyCoeffs": "0.0,-14.32656,0.251038,0.55982995,-0.16191456,0.10673497", "polyCoefferr": "0.0,3.078557,0.21825983,0.04904477,0.0021450357,3.6678066e-05", "polyOrd": 4, "IfitStat": 1, "IfitChiSqRed": 7.405467783891035, "fit_function": "log", "lam0Sq_m2": 0, "freq0_Hz": 1205534803.3374813, "fwhmRMSF": 17.46630096435547, "dQU": 0.00018500001169741154, "dFDFth": 1.4259460764102288e-05, "units": "Jy/beam", "min_freq": 904499968.0, "max_freq": 1646800000.0, "N_channels": 164, "median_channel_width": 3399936.0, "fracPol": 0.022259738547643702, "sigmaAddQ": 1.892946320051112, "dSigmaAddMinusQ": 0.1301093810669247, "dSigmaAddPlusQ": 0.14045969595773222, "sigmaAddU": 2.4776743534551766, "dSigmaAddMinusU": 0.15428382288250697, "dSigmaAddPlusU": 0.16762751315417868, "sigmaAddC": 2.203393923595619, "dSigmaAddMinusC": 0.10183539077172643, "dSigmaAddPlusC": 0.1078581403606238}