{
  "metadata": {
    "model_type": "S",
    "n_components": 1,
    "component_names": [
      "S1"
    ],
    "n_params": 3,
    "n_data": 128,
    "n_iter": 13138,
    "n_eff": 10313.178079391166,
    "ordering_enforced": true
  },
  "sampling_parameters": {
    "sampler_type": "dynamic",
    "n_cores": 15,
    "sampler_kwargs": {
      "bound": "multi",
      "sample": "rwalk",
      "walks": 70,
      "rstate": "Generator(PCG64)"
    },
    "run_kwargs": {
      "dlogz_init": 0.01,
      "nlive_init": 225,
      "nlive_batch": 75,
      "n_effective": 10000,
      "maxiter": null,
      "maxcall": null
    }
  },
  "evidence": {
    "logz": 614.4888127893862,
    "logzerr": 0.10541732841716527
  },
  "model_comparison": {
    "BIC": -1241.5810785526683,
    "AIC": -1250.137169344427
  },
  "goodness_of_fit": {
    "best_sample": {
      "chi_squared": 166.33917836916106,
      "chi_squared_Q": 70.45365792859327,
      "chi_squared_U": 95.88552044056777,
      "reduced_chi_squared": 1.3307134269532885
    },
    "importance_weighted": {
      "chi_squared_mean": 174.60272428060105,
      "chi_squared_std": 0.29556233199471954,
      "reduced_chi_squared_mean": 1.3968217942448085
    },
    "dof": 125
  },
  "parameters": {
    "S1_a": {
      "parameter_type": "sampled",
      "mean": 0.002664697140409336,
      "std": 0.00018755680278135703,
      "median": 0.0026656446688340728,
      "eti_68": [
        0.0024766407635116467,
        0.0028501142047582867
      ],
      "eti_99": [
        0.0021861184173565533,
        0.003147077384866205
      ]
    },
    "S1_b": {
      "parameter_type": "sampled",
      "mean": -0.0009263440959692917,
      "std": 0.00018904171945181776,
      "median": -0.000926887270063928,
      "eti_68": [
        -0.001114409107836047,
        -0.0007369573384920869
      ],
      "eti_99": [
        -0.0014099138857051178,
        -0.00044775914417495766
      ]
    },
    "S1_phi_rm": {
      "parameter_type": "sampled",
      "mean": -2.1040144021818517,
      "std": 0.5922493674939103,
      "median": -2.099933498586672,
      "eti_68": [
        -2.689658878399793,
        -1.4992393612781787
      ],
      "eti_99": [
        -3.6720339657859222,
        -0.7562093317316521
      ]
    },
    "S1_p0": {
      "parameter_type": "derived",
      "mean": 0.0028273898614505815,
      "std": 0.0001884189423761491,
      "median": 0.0028284325354183825,
      "eti_68": [
        0.002641227970981771,
        0.003012684567778012
      ],
      "eti_99": [
        0.0023423692492958864,
        0.003313162798940955
      ]
    },
    "S1_psi_0": {
      "parameter_type": "derived",
      "mean": -9.582477200810162,
      "std": 1.9126392106011256,
      "median": -9.583375077629286,
      "eti_68": [
        -11.470429055559972,
        -7.659414988440478
      ],
      "eti_99": [
        -14.519039109734395,
        -4.699077086096002
      ]
    }
  },
  "processed_parameters": {
    "S1_psi_0": {
      "mean": -3.554919936823257,
      "median": -3.584579000271918,
      "std": 2.6953812014722565,
      "eti_68": [
        -6.242287041283587,
        -0.83826294270747
      ],
      "eti_99": [
        -10.298143665750262,
        3.5082789595462107
      ],
      "mode_1": {
        "mode": -3.6000476250784317,
        "peak_height": 8.416884345864759,
        "hdi_68": [
          -6.137605252971814,
          -0.7426840585149086
        ],
        "hdi_99": [
          -10.340499156567722,
          3.4216562514237054
        ],
        "posterior_mass": 1.0,
        "likelihood_max": 627.3679382614996,
        "likelihood_std": 0.11833836252660324,
        "n_samples_in_hdi": 13138
      }
    },
    "S1_p0": {
      "mean": 0.0028211849334892993,
      "median": 0.002822257835407513,
      "std": 0.0001888369532983208,
      "eti_68": [
        0.00263461455943801,
        0.0030068882564928605
      ],
      "eti_99": [
        0.00233490950159941,
        0.0033078930473685484
      ],
      "mode_1": {
        "mode": 0.0028222116456552856,
        "peak_height": 2136.252673331274,
        "hdi_68": [
          0.002634515170997157,
          0.003006539944371682
        ],
        "hdi_99": [
          0.0023384133005116526,
          0.0033092777614239424
        ],
        "posterior_mass": 1.0,
        "likelihood_max": 628.0685846722135,
        "likelihood_std": 0.10780553421857139,
        "n_samples_in_hdi": 13138
      }
    },
    "S1_phi_rm": {
      "mean": -2.104014402181708,
      "median": -2.0999334985866156,
      "std": 0.5922493674937649,
      "eti_68": [
        -2.6896588783996496,
        -1.4992393612781687
      ],
      "eti_99": [
        -3.6720339657856202,
        -0.756209331731648
      ],
      "mode_1": {
        "mode": -2.1411199863923116,
        "peak_height": 0.6547203351379781,
        "hdi_68": [
          -2.661868292783821,
          -1.4752007408199912
        ],
        "hdi_99": [
          -3.541329672736963,
          -0.6735558651075135
        ],
        "posterior_mass": 1.0,
        "likelihood_max": 626.6566659724349,
        "likelihood_std": 0.06718646026764308,
        "n_samples_in_hdi": 13138
      }
    }
  },
  "stokes_i_fit": {
    "model": "power-law",
    "I0": 0.09090454483843281,
    "I0_err": 3.6085729673753356e-05,
    "alpha_lambda2": 0.041284514029455134,
    "alpha_lambda2_err": 0.0012691992076391415,
    "alpha_nu": -0.08256902805891027,
    "alpha_nu_err": 0.002538398415278283,
    "freq0_GHz": 1.28
  }
}