{
  "metadata": {
    "model_type": "S",
    "n_components": 1,
    "component_names": [
      "S1"
    ],
    "n_params": 3,
    "n_data": 98,
    "n_iter": 12606,
    "n_eff": 10101.305829980933,
    "ordering_enforced": true
  },
  "sampling_parameters": {
    "sampler_type": "dynamic",
    "n_cores": 15,
    "sampler_kwargs": {
      "bound": "multi",
      "sample": "rwalk",
      "walks": 70,
      "rstate": "Generator(PCG64)"
    },
    "run_kwargs": {
      "dlogz_init": 0.01,
      "nlive_init": 225,
      "nlive_batch": 75,
      "n_effective": 10000,
      "maxiter": null,
      "maxcall": null
    }
  },
  "evidence": {
    "logz": 142.61920831300253,
    "logzerr": 0.06313830154486162
  },
  "model_comparison": {
    "BIC": -284.195643231039,
    "AIC": -291.95054566705073
  },
  "goodness_of_fit": {
    "best_sample": {
      "chi_squared": 111.85057941558551,
      "chi_squared_Q": 60.69104707722489,
      "chi_squared_U": 51.15953233836062,
      "reduced_chi_squared": 1.177374520164058
    },
    "importance_weighted": {
      "chi_squared_mean": 114.25800172529264,
      "chi_squared_std": 0.19002303583467428,
      "reduced_chi_squared_mean": 1.2027158076346594
    },
    "dof": 95
  },
  "parameters": {
    "S1_a": {
      "parameter_type": "sampled",
      "mean": -0.0813339584975308,
      "std": 0.006551646921872055,
      "median": -0.081315789315457,
      "eti_68": [
        -0.08782907803132804,
        -0.07490417534052866
      ],
      "eti_99": [
        -0.09652119397752558,
        -0.06612505288677208
      ]
    },
    "S1_b": {
      "parameter_type": "sampled",
      "mean": -0.003024985669037476,
      "std": 0.006584444498218587,
      "median": -0.003053353918258655,
      "eti_68": [
        -0.009555771878023561,
        0.0036230198242616207
      ],
      "eti_99": [
        -0.018114093363856918,
        0.01232613272477201
      ]
    },
    "S1_phi_rm": {
      "parameter_type": "sampled",
      "mean": -1.4747294941876572,
      "std": 0.6130142829058234,
      "median": -1.4731259514175972,
      "eti_68": [
        -2.093304584029152,
        -0.8601831792088757
      ],
      "eti_99": [
        -2.876751365259858,
        -0.04070162916442091
      ]
    },
    "S1_p0": {
      "parameter_type": "derived",
      "mean": 0.0816569073963122,
      "std": 0.006541215395761447,
      "median": 0.08164665694431446,
      "eti_68": [
        0.07519137041772696,
        0.08815863817512248
      ],
      "eti_99": [
        0.066439311497735,
        0.09682395986375428
      ]
    },
    "S1_psi_0": {
      "parameter_type": "derived",
      "mean": -31.310254914933658,
      "std": 82.20671085465266,
      "median": -86.82065565041663,
      "eti_68": [
        -89.04371809177044,
        88.73444683612301
      ],
      "eti_99": [
        -89.92728854465311,
        89.93712428860003
      ]
    }
  },
  "processed_parameters": {
    "S1_psi_0": {
      "mean": -84.70981278109196,
      "median": -84.7160815095538,
      "std": 3.154263611462662,
      "eti_68": [
        -87.81595439882189,
        -81.55761281713843
      ],
      "eti_99": [
        -92.85618451808136,
        -76.52275028502454
      ],
      "mode_1": {
        "mode": -84.79979517367349,
        "peak_height": 7.0916747469784145,
        "hdi_68": [
          -87.71368553141826,
          -81.47708657202821
        ],
        "hdi_99": [
          -92.88737724852652,
          -76.57424104632706
        ],
        "posterior_mass": 1.0,
        "likelihood_max": 148.97366007715462,
        "likelihood_std": 0.008821112406916935,
        "n_samples_in_hdi": 12606
      }
    },
    "S1_p0": {
      "mean": 0.08138934434399209,
      "median": 0.08138081369541698,
      "std": 0.006562996833926273,
      "eti_68": [
        0.07490261966602783,
        0.08791248905836102
      ],
      "eti_99": [
        0.06448538297909535,
        0.09838657838198159
      ],
      "mode_1": {
        "mode": 0.08121382267644617,
        "peak_height": 60.80249304679731,
        "hdi_68": [
          0.07464666572788427,
          0.08760112558096156
        ],
        "hdi_99": [
          0.064493666016904,
          0.0983794946267814
        ],
        "posterior_mass": 1.0,
        "likelihood_max": 148.97527283352537,
        "likelihood_std": 0.0075595877919436665,
        "n_samples_in_hdi": 12606
      }
    },
    "S1_phi_rm": {
      "mean": -1.4747294941876607,
      "median": -1.473125951417596,
      "std": 0.6130142829058286,
      "eti_68": [
        -2.0933045840291595,
        -0.8601831792088691
      ],
      "eti_99": [
        -3.038251882155385,
        0.1189659828570921
      ],
      "mode_1": {
        "mode": -1.4267827429902558,
        "peak_height": 0.6207699922489868,
        "hdi_68": [
          -2.0329235938836963,
          -0.8015254508579945
        ],
        "hdi_99": [
          -3.038908161369734,
          0.1171928361846728
        ],
        "posterior_mass": 1.0,
        "likelihood_max": 148.94722695900535,
        "likelihood_std": 0.01250595583901934,
        "n_samples_in_hdi": 12606
      }
    }
  },
  "stokes_i_fit": {
    "model": "power-law",
    "I0": 0.0022738114193381898,
    "I0_err": 1.4921500180549587e-05,
    "alpha_lambda2": 0.3292462553094439,
    "alpha_lambda2_err": 0.01932710466345353,
    "alpha_nu": -0.6584925106188878,
    "alpha_nu_err": 0.03865420932690706,
    "freq0_GHz": 1.28
  }
}