{"dFDFcorMAD": 0.08708050847053528, "phiPeakPIfit_rm2": -5.540093910571024, "dPhiPeakPIfit_rm2": 0.0003460508607826741, "ampPeakPIfit": 1.4976458118214617, "ampPeakPIfitEff": 1.4976458091109248, "dAmpPeakPIfit": 5.9413247854435254e-05, "snrPIfit": 25207.270531494116, "indxPeakPIfit": 1786.0329995439236, "peakFDFimagFit": 1.2792490813482928, "peakFDFrealFit": 0.7774173479379094, "polAngleFit_deg": 29.356185801081974, "dPolAngleFit_deg": 0.0011364931288672573, "polAngle0Fit_deg": 29.356185801081974, "dPolAngle0Fit_deg": 0.001146967941348106, "Ifreq0": 15.980886331500898, "polyCoeffs": "0.0,-11.5419445,0.92029303,0.18681528,-0.55466425,15.980886", "polyCoefferr": "0.0,0.6523983,0.051575553,0.008585109,0.00043255658,0.0008109543", "polyOrd": 4, "IfitStat": 1, "IfitChiSqRed": 3.5753681737251446, "fit_function": "log", "lam0Sq_m2": 0, "freq0_Hz": 1215147154.4271376, "fwhmRMSF": 17.445995330810547, "dQU": 0.0004247499746270478, "dFDFth": 5.9413247854435254e-05, "units": "Jy/beam", "min_freq": 902799424.0, "max_freq": 1651799424.0, "N_channels": 56, "median_channel_width": 13374976.0, "fracPol": 0.09371481518886872, "sigmaAddQ": 235.96604564079558, "dSigmaAddMinusQ": 20.902078701200452, "dSigmaAddPlusQ": 24.498038588084114, "sigmaAddU": 77.2418891383299, "dSigmaAddMinusU": 6.843842996465199, "dSigmaAddPlusU": 8.021371239788834, "sigmaAddC": 174.94866626843273, "dSigmaAddMinusC": 11.182311221438994, "dSigmaAddPlusC": 12.508792683284867}