{"dFDFcorMAD": 1.933286876010243e-05, "phiPeakPIfit_rm2": 2.8514563517210356, "dPhiPeakPIfit_rm2": 0.4819755146940202, "ampPeakPIfit": 0.0002635429464236068, "ampPeakPIfitEff": 0.0002625373555448417, "dAmpPeakPIfit": 1.516605983563378e-05, "snrPIfit": 17.377153280405317, "indxPeakPIfit": 1860.1194546320048, "peakFDFimagFit": -0.0001566807785423914, "peakFDFrealFit": 0.00021135864596902152, "polAngleFit_deg": 161.72517613791848, "dPolAngleFit_deg": 1.648595100374977, "polAngle0Fit_deg": 161.72517613791848, "dPolAngle0Fit_deg": 1.6606728816234413, "cleanCutoff": 0.00013649453852070402, "nIter": 14, "mom2CCFDF": 0.44326579570770264, "dPhiObserved_rm2": 0.6143961893958149, "dAmpObserved": 1.933286876010243e-05, "dPolAngleFitObserved_deg": 2.101539428138845, "dPolAngleFit0Observed_deg": 2.1169355272127235}