{"dFDFcorMAD": 6.435727118514478e-05, "phiPeakPIfit_rm2": -3.633167354476421, "dPhiPeakPIfit_rm2": 0.0568142419098193, "ampPeakPIfit": 0.002126940024186019, "ampPeakPIfitEff": 0.0021268269777418394, "dAmpPeakPIfit": 1.4459437025794046e-05, "snrPIfit": 147.09701493853404, "indxPeakPIfit": 1785.4022075802188, "peakFDFimagFit": 0.0009513850984509981, "peakFDFrealFit": 0.0018927158474826373, "polAngleFit_deg": 13.343333399718716, "dPolAngleFit_deg": 0.19475507214413543, "polAngle0Fit_deg": 13.343333399718716, "dPolAngle0Fit_deg": 0.19535896529004182, "Ifreq0": 0.05662125377525848, "polyCoeffs": "0.0,-22.57833,1.4343908,0.7843286,-0.48469782,0.056621253", "polyCoefferr": "0.0,5.760039,0.41190785,0.09100129,0.004039698,3.5771212e-05", "polyOrd": 4, "IfitStat": 1, "IfitChiSqRed": 2.389179116770717, "fit_function": "log", "lam0Sq_m2": 0, "freq0_Hz": 1203420440.10372, "fwhmRMSF": 16.71441078186035, "dQU": 0.00018699999782256782, "dFDFth": 1.4459437025794046e-05, "units": "Jy/beam", "min_freq": 904471296.0, "max_freq": 1646783872.0, "N_channels": 163, "median_channel_width": 3343744.0, "fracPol": 0.037562343394649256, "sigmaAddQ": 0.06621501701185648, "dSigmaAddMinusQ": 0.058640198552289545, "dSigmaAddPlusQ": 0.24766583856626348, "sigmaAddU": 0.0545410633160632, "dSigmaAddMinusU": 0.04654224951267323, "dSigmaAddPlusU": 0.2157024645087743, "sigmaAddC": 0.08109261424083303, "dSigmaAddMinusC": 0.07298259973833665, "dSigmaAddPlusC": 0.22571497155205333}