{"dFDFcorMAD": 0.00034209570731036365, "phiPeakPIfit_rm2": -6.37994091423259, "dPhiPeakPIfit_rm2": 0.000718839981576106, "ampPeakPIfit": 1.3832111691819797, "ampPeakPIfitEff": 1.3832111613664395, "dAmpPeakPIfit": 9.695602991346535e-05, "snrPIfit": 14266.375906857114, "indxPeakPIfit": 1785.431624497087, "peakFDFimagFit": 1.1742005979101757, "peakFDFrealFit": 0.7229975815194274, "polAngleFit_deg": 29.188948583354875, "dPolAngleFit_deg": 0.0020080705810346404, "polAngle0Fit_deg": 29.188948583354875, "dPolAngle0Fit_deg": 0.0020262435358938593, "cleanCutoff": 0.0008726042692211882, "nIter": 710, "mom2CCFDF": 232.46144104003906, "dPhiObserved_rm2": 0.002536325715478726, "dAmpObserved": 0.00034209570731036365, "dPolAngleFitObserved_deg": 0.007085194457335897, "dPolAngleFit0Observed_deg": 0.007149315171148463}