{"dFDFcorMAD": 0.04551970958709717, "phiPeakPIfit_rm2": -6.355348828150752, "dPhiPeakPIfit_rm2": 0.000655191723584144, "ampPeakPIfit": 1.5175824962064601, "ampPeakPIfitEff": 1.5175824890829313, "dAmpPeakPIfit": 9.695602991346535e-05, "snrPIfit": 15652.275547595382, "indxPeakPIfit": 1785.449233736784, "peakFDFimagFit": 1.2886527471834635, "peakFDFrealFit": 0.7941591335355498, "polAngleFit_deg": 29.177840987912738, "dPolAngleFit_deg": 0.0018302699610308268, "polAngle0Fit_deg": 29.177840987912738, "dPolAngle0Fit_deg": 0.001846833827707694, "Ifreq0": 15.734780529464059, "polyCoeffs": "0.0,-4.0158854,2.2243845,0.07135922,-0.5522803,15.73478", "polyCoefferr": "0.0,0.69722384,0.056786787,0.008325478,0.00043921478,0.0007360154", "polyOrd": 4, "IfitStat": 1, "IfitChiSqRed": 2.93746332829146, "fit_function": "log", "lam0Sq_m2": 0, "freq0_Hz": 1219114633.794723, "fwhmRMSF": 20.510482788085938, "dQU": 0.000895500008482486, "dFDFth": 9.695602991346535e-05, "units": "Jy/beam", "min_freq": 902799424.0, "max_freq": 1651799424.0, "N_channels": 57, "median_channel_width": 13374976.0, "fracPol": 0.09644764261193171, "sigmaAddQ": 86.10594935199927, "dSigmaAddMinusQ": 7.564367291169631, "dSigmaAddPlusQ": 8.853288142438217, "sigmaAddU": 27.771118674767372, "dSigmaAddMinusU": 2.445199220345291, "dSigmaAddPlusU": 2.861338006339629, "sigmaAddC": 63.761052582721355, "dSigmaAddMinusC": 4.0420468265009575, "dSigmaAddPlusC": 4.5153595813787675}