{
  "metadata": {
    "model_type": "S",
    "n_components": 1,
    "component_names": [
      "S1"
    ],
    "n_params": 3,
    "n_data": 280,
    "n_iter": 14089,
    "n_eff": 10169.319029984654,
    "ordering_enforced": true
  },
  "sampling_parameters": {
    "sampler_type": "dynamic",
    "n_cores": 15,
    "sampler_kwargs": {
      "bound": "multi",
      "sample": "rwalk",
      "walks": 70,
      "rstate": "Generator(PCG64)"
    },
    "run_kwargs": {
      "dlogz_init": 0.01,
      "nlive_init": 225,
      "nlive_batch": 75,
      "n_effective": 10000,
      "maxiter": null,
      "maxcall": null
    }
  },
  "evidence": {
    "logz": 1172.4733749298668,
    "logzerr": 0.10466795725826578
  },
  "model_comparison": {
    "BIC": -2357.393188128171,
    "AIC": -2368.2975569376786
  },
  "goodness_of_fit": {
    "best_sample": {
      "chi_squared": 293.9841813103544,
      "chi_squared_Q": 116.00978931390486,
      "chi_squared_U": 177.97439199644953,
      "reduced_chi_squared": 1.0613147339723985
    },
    "importance_weighted": {
      "chi_squared_mean": 297.03523763441353,
      "chi_squared_std": 0.21847577623061748,
      "reduced_chi_squared_mean": 1.072329377741565
    },
    "dof": 277
  },
  "parameters": {
    "S1_a": {
      "parameter_type": "sampled",
      "mean": 0.0693804675168543,
      "std": 0.0002824997654447841,
      "median": 0.06938250392025042,
      "eti_68": [
        0.0691000866587632,
        0.0696610940813852
      ],
      "eti_99": [
        0.06871896995344794,
        0.07002265933097501
      ]
    },
    "S1_b": {
      "parameter_type": "sampled",
      "mean": -0.015767615637815122,
      "std": 0.0003141988040636394,
      "median": -0.015766856200279088,
      "eti_68": [
        -0.01608279455227194,
        -0.015453172684409495
      ],
      "eti_99": [
        -0.016503299260834006,
        -0.015038733268096518
      ]
    },
    "S1_phi_rm": {
      "parameter_type": "sampled",
      "mean": -4.153192939602545,
      "std": 0.09161805357541675,
      "median": -4.15365876526885,
      "eti_68": [
        -4.2443972682409346,
        -4.0614961870710875
      ],
      "eti_99": [
        -4.364242471837785,
        -3.9416254921258527
      ]
    },
    "S1_p0": {
      "parameter_type": "derived",
      "mean": 0.07115030775250655,
      "std": 0.00028142445041500093,
      "median": 0.07115095612485048,
      "eti_68": [
        0.07087103212880448,
        0.0714305747087021
      ],
      "eti_99": [
        0.07048856515663175,
        0.07180250557471823
      ]
    },
    "S1_psi_0": {
      "parameter_type": "derived",
      "mean": -6.401863879625878,
      "std": 0.12690320267615676,
      "median": -6.401749273858748,
      "eti_68": [
        -6.5275661912355964,
        -6.275779151764949
      ],
      "eti_99": [
        -6.70035097388766,
        -6.10878011005776
      ]
    }
  },
  "processed_parameters": {
    "S1_psi_0": {
      "mean": 5.496157467512043,
      "median": 5.4983702668708325,
      "std": 0.3383801431253946,
      "eti_68": [
        5.157383912972534,
        5.831408464477858
      ],
      "eti_99": [
        4.623600259005506,
        6.3467530249616315
      ],
      "mode_1": {
        "mode": 5.496157666942021,
        "peak_height": 57.5433093869775,
        "hdi_68": [
          5.145164691832753,
          5.816689692460677
        ],
        "hdi_99": [
          4.618490919194147,
          6.337348116557061
        ],
        "posterior_mass": 1.0,
        "likelihood_max": 1187.1487784688393,
        "likelihood_std": 0.007486266100727489,
        "n_samples_in_hdi": 14089
      }
    },
    "S1_p0": {
      "mean": 0.07114973836230469,
      "median": 0.07115038674874552,
      "std": 0.00028142670284781493,
      "eti_68": [
        0.07087046050377911,
        0.0714300075614663
      ],
      "eti_99": [
        0.07041421132729742,
        0.07187711801930326
      ],
      "mode_1": {
        "mode": 0.0711363907576226,
        "peak_height": 1371.3297427167072,
        "hdi_68": [
          0.07086836599339645,
          0.07142682792683595
        ],
        "hdi_99": [
          0.07040500760790437,
          0.07184881348357319
        ],
        "posterior_mass": 1.0,
        "likelihood_max": 1187.1487784688393,
        "likelihood_std": 0.007486266100727489,
        "n_samples_in_hdi": 14089
      }
    },
    "S1_phi_rm": {
      "mean": -4.15319293960256,
      "median": -4.153658765268871,
      "std": 0.09161805357534493,
      "eti_68": [
        -4.244397268240934,
        -4.061496187071094
      ],
      "eti_99": [
        -4.38539585413398,
        -3.9146568243912294
      ],
      "mode_1": {
        "mode": -4.151892650761367,
        "peak_height": 4.323310055361402,
        "hdi_68": [
          -4.242344381280561,
          -4.059925991585238
        ],
        "hdi_99": [
          -4.386344396264407,
          -3.9164957186665896
        ],
        "posterior_mass": 1.0,
        "likelihood_max": 1187.1487784688393,
        "likelihood_std": 0.007486266100727489,
        "n_samples_in_hdi": 14089
      }
    }
  },
  "stokes_i_fit": {
    "model": "power-law",
    "I0": 0.05905196859399159,
    "I0_err": 3.499508156843485e-05,
    "alpha_lambda2": 0.22668260639563143,
    "alpha_lambda2_err": 0.0017548521031687501,
    "alpha_nu": -0.45336521279126285,
    "alpha_nu_err": 0.0035097042063375002,
    "freq0_GHz": 1.28
  }
}