{"dFDFcorMAD": 1.847443127189763e-05, "phiPeakPIfit_rm2": 4.253957962947206, "dPhiPeakPIfit_rm2": 0.5661417145536496, "ampPeakPIfit": 0.00025550101813188005, "ampPeakPIfitEff": 0.0002541963064221763, "dAmpPeakPIfit": 1.7003939028947092e-05, "snrPIfit": 15.025990018955099, "indxPeakPIfit": 1832.1121397100067, "peakFDFimagFit": -0.00019408574353874076, "peakFDFrealFit": 0.00016560493644574874, "polAngleFit_deg": 155.23634326824393, "dPolAngleFit_deg": 1.9065558888567213, "polAngle0Fit_deg": 155.23634326824393, "dPolAngle0Fit_deg": 1.9218698367863811, "cleanCutoff": 0.00015303545126052384, "nIter": 14, "mom2CCFDF": 1.9998859167099, "dPhiObserved_rm2": 0.6151013702101783, "dAmpObserved": 1.847443127189763e-05, "dPolAngleFitObserved_deg": 2.0714338998012876, "dPolAngleFit0Observed_deg": 2.088072190378917}