{"dFDFcorMAD": 2.315009623998776e-05, "phiPeakPIfit_rm2": 4.2113830496533575, "dPhiPeakPIfit_rm2": 0.5496037517931175, "ampPeakPIfit": 0.0002631892231511457, "ampPeakPIfitEff": 0.00026192281136845115, "dAmpPeakPIfit": 1.7003939028947092e-05, "snrPIfit": 15.478132608162072, "indxPeakPIfit": 1832.0809924667537, "peakFDFimagFit": -0.0001968810610411925, "peakFDFrealFit": 0.0001742722374454411, "polAngleFit_deg": 155.7570658930385, "dPolAngleFit_deg": 1.8508621473777975, "polAngle0Fit_deg": 155.7570658930385, "dPolAngle0Fit_deg": 1.8657287488320662, "Ifreq0": 0.0910129796571782, "polyCoeffs": "0.0,-43.783607,-0.026174521,0.8339235,-0.08803844,0.09101298", "polyCoefferr": "0.0,8.054665,0.4093722,0.10089494,0.0034248799,5.2649022e-05", "polyOrd": 4, "IfitStat": 1, "IfitChiSqRed": 1.160239322298843, "fit_function": "log", "lam0Sq_m2": 0, "freq0_Hz": 1175334586.7896636, "fwhmRMSF": 17.01367950439453, "dQU": 0.0001397500018356368, "dFDFth": 1.7003939028947092e-05, "units": "Jy/beam", "min_freq": 906143168.0, "max_freq": 1561518208.0, "N_channels": 64, "median_channel_width": 6687488.0, "fracPol": 0.002877862172571924, "sigmaAddQ": 0.06487063736904378, "dSigmaAddMinusQ": 0.05796279328785084, "dSigmaAddPlusQ": 0.2978096373024143, "sigmaAddU": 0.18247543123521068, "dSigmaAddMinusU": 0.17126948860475236, "dSigmaAddPlusU": 0.3871776172245972, "sigmaAddC": 0.21031539514085884, "dSigmaAddMinusC": 0.19748613308324298, "dSigmaAddPlusC": 0.29666408757406737}