{"dFDFcorMAD": 0.00019531990983523428, "phiPeakPIfit_rm2": -6.05801680903668, "dPhiPeakPIfit_rm2": 0.00036733523595553153, "ampPeakPIfit": 1.4162093334085952, "ampPeakPIfitEff": 1.4162093306971548, "dAmpPeakPIfit": 5.77849620088451e-05, "snrPIfit": 24508.267967569438, "indxPeakPIfit": 1670.9403578587567, "peakFDFimagFit": 1.2157330703704865, "peakFDFrealFit": 0.7234758221251829, "polAngleFit_deg": 29.621682119191554, "dPolAngleFit_deg": 0.0011689071538816811, "polAngle0Fit_deg": 29.621682119191554, "dPolAngle0Fit_deg": 0.0011800931231424061, "cleanCutoff": 0.0005200646580796059, "nIter": 701, "mom2CCFDF": 99.34982299804688, "dPhiObserved_rm2": 0.001241635932115981, "dAmpObserved": 0.00019531990983523428, "dPolAngleFitObserved_deg": 0.003951042485188152, "dPolAngleFit0Observed_deg": 0.003988852365673841}