{"dFDFcorMAD": 0.07631927728652954, "phiPeakPIfit_rm2": -6.094694400823597, "dPhiPeakPIfit_rm2": 0.000348063493075411, "ampPeakPIfit": 1.494622676608493, "ampPeakPIfitEff": 1.4946226740393047, "dAmpPeakPIfit": 5.77849620088451e-05, "snrPIfit": 25865.253253601037, "indxPeakPIfit": 1670.9157792031222, "peakFDFimagFit": 1.2860261073544637, "peakFDFrealFit": 0.7580676036522854, "polAngleFit_deg": 29.741065582887327, "dPolAngleFit_deg": 0.001107582031989295, "polAngle0Fit_deg": 29.741065582887327, "dPolAngle0Fit_deg": 0.001118181144606941, "Ifreq0": 15.823978527460763, "polyCoeffs": "0.0,-8.700546,-1.5847464,-0.15906812,-0.5237073,15.823978", "polyCoefferr": "0.0,0.86512595,0.059027657,0.009633092,0.00042687522,0.00067857374", "polyOrd": 4, "IfitStat": 1, "IfitChiSqRed": 1.7502494094216827, "fit_function": "log", "lam0Sq_m2": 0, "freq0_Hz": 1246108524.5969477, "fwhmRMSF": 18.00550079345703, "dQU": 0.00038824998773634434, "dFDFth": 5.77849620088451e-05, "units": "Jy/beam", "min_freq": 942924416.0, "max_freq": 1651799424.0, "N_channels": 54, "median_channel_width": 13374976.0, "fracPol": 0.0944530271856444, "sigmaAddQ": 173.39048995653113, "dSigmaAddMinusQ": 15.623547694242006, "dSigmaAddPlusQ": 18.36673037852475, "sigmaAddU": 55.2691771640867, "dSigmaAddMinusU": 4.9803451618487955, "dSigmaAddPlusU": 5.854406307747745, "sigmaAddC": 128.2054878914212, "dSigmaAddMinusC": 8.340787181590272, "dSigmaAddPlusC": 9.346780676267713}