{"dFDFcorMAD": 0.08693866431713104, "phiPeakPIfit_rm2": -7.1145029925642245, "dPhiPeakPIfit_rm2": 0.0003900043964511252, "ampPeakPIfit": 1.4422061868334717, "ampPeakPIfitEff": 1.4422061833832656, "dAmpPeakPIfit": 6.577900240144082e-05, "snrPIfit": 21925.02370333731, "indxPeakPIfit": 1745.0195456362126, "peakFDFimagFit": 1.2442233799971067, "peakFDFrealFit": 0.7284367020157976, "polAngleFit_deg": 29.826475198244083, "dPolAngleFit_deg": 0.001306629819158669, "polAngle0Fit_deg": 29.826475198244083, "dPolAngle0Fit_deg": 0.001318672744883362, "Ifreq0": 15.513161698933613, "polyCoeffs": "0.0,-1.1976452,-0.68629754,0.17826986,-0.53650004,15.513162", "polyCoefferr": "0.0,0.851311,0.072202556,0.0102905985,0.00057302974,0.00085966167", "polyOrd": 4, "IfitStat": 1, "IfitChiSqRed": 4.706527951970605, "fit_function": "log", "lam0Sq_m2": 0, "freq0_Hz": 1228166287.5794072, "fwhmRMSF": 17.10171127319336, "dQU": 0.0004687500186264515, "dFDFth": 6.577900240144082e-05, "units": "Jy/beam", "min_freq": 916200000.0, "max_freq": 1651800064.0, "N_channels": 56, "median_channel_width": 13399936.0, "fracPol": 0.09296661837041277, "sigmaAddQ": 221.88526936124725, "dSigmaAddMinusQ": 19.654431386487005, "dSigmaAddPlusQ": 23.035945855843977, "sigmaAddU": 59.37498695190629, "dSigmaAddMinusU": 5.258779638194106, "dSigmaAddPlusU": 6.163771445859901, "sigmaAddC": 161.83611262472147, "dSigmaAddMinusC": 10.346297823026475, "dSigmaAddPlusC": 11.568981876698814}