{
  "metadata": {
    "model_type": "S",
    "n_components": 1,
    "component_names": [
      "S1"
    ],
    "n_params": 3,
    "n_data": 328,
    "n_iter": 14251,
    "n_eff": 10113.704188162665,
    "ordering_enforced": true
  },
  "sampling_parameters": {
    "sampler_type": "dynamic",
    "n_cores": 15,
    "sampler_kwargs": {
      "bound": "multi",
      "sample": "rwalk",
      "walks": 70,
      "rstate": "Generator(PCG64)"
    },
    "run_kwargs": {
      "dlogz_init": 0.01,
      "nlive_init": 225,
      "nlive_batch": 75,
      "n_effective": 10000,
      "maxiter": null,
      "maxcall": null
    }
  },
  "evidence": {
    "logz": 801.3282305343331,
    "logzerr": 0.11171067871690347
  },
  "model_comparison": {
    "BIC": -1617.4910430224868,
    "AIC": -1628.8700838476393
  },
  "goodness_of_fit": {
    "best_sample": {
      "chi_squared": 1928.4703397547423,
      "chi_squared_Q": 763.2008143276142,
      "chi_squared_U": 1165.2695254271282,
      "reduced_chi_squared": 5.933754891553053
    },
    "importance_weighted": {
      "chi_squared_mean": 1931.5226341088087,
      "chi_squared_std": 0.2272320743434748,
      "reduced_chi_squared_mean": 5.943146566488642
    },
    "dof": 325
  },
  "parameters": {
    "S1_a": {
      "parameter_type": "sampled",
      "mean": -0.015951913724300562,
      "std": 0.00014612714215651209,
      "median": -0.015951067648634035,
      "eti_68": [
        -0.01609625696965138,
        -0.01580659572059085
      ],
      "eti_99": [
        -0.01629069445220298,
        -0.015611787904184065
      ]
    },
    "S1_b": {
      "parameter_type": "sampled",
      "mean": 0.015579159798685148,
      "std": 0.00014379735236122077,
      "median": 0.015576610217775738,
      "eti_68": [
        0.015437956996614662,
        0.015723029735881223
      ],
      "eti_99": [
        0.01524671162541718,
        0.015911463011464004
      ]
    },
    "S1_phi_rm": {
      "parameter_type": "sampled",
      "mean": -4.469772486861354,
      "std": 0.1350835230551282,
      "median": -4.469152778480804,
      "eti_68": [
        -4.606263141643662,
        -4.334999517644224
      ],
      "eti_99": [
        -4.786742473112229,
        -4.154495342298904
      ]
    },
    "S1_p0": {
      "parameter_type": "derived",
      "mean": 0.02229793833659068,
      "std": 0.00013321357709914853,
      "median": 0.02229860074320965,
      "eti_68": [
        0.022164273961191534,
        0.02243042587568765
      ],
      "eti_99": [
        0.021988084959783535,
        0.022599624718168055
      ]
    },
    "S1_psi_0": {
      "parameter_type": "derived",
      "mean": 67.83862980348353,
      "std": 0.20021086788160855,
      "median": 67.83915328439603,
      "eti_68": [
        67.64144404198682,
        68.03886603678842
      ],
      "eti_99": [
        67.3639803640571,
        68.30438033730515
      ]
    }
  },
  "processed_parameters": {
    "S1_psi_0": {
      "mean": 80.64358474752622,
      "median": 80.64747303841455,
      "std": 0.5216771569014648,
      "eti_68": [
        80.12007156408102,
        81.15782138560579
      ],
      "eti_99": [
        79.28302662286794,
        81.98292924015963
      ],
      "mode_1": {
        "mode": 80.68858502464737,
        "peak_height": 40.807335657175585,
        "hdi_68": [
          80.10703967109723,
          81.14162401547712
        ],
        "hdi_99": [
          79.3111472436466,
          82.0014765135062
        ],
        "posterior_mass": 1.0000000000000002,
        "likelihood_max": 817.4350419238197,
        "likelihood_std": 0.007299177625892246,
        "n_samples_in_hdi": 14251
      }
    },
    "S1_p0": {
      "mean": 0.022297536836640507,
      "median": 0.02229819926951877,
      "std": 0.00013321597632871143,
      "eti_68": [
        0.022163870054321612,
        0.022430026761526625
      ],
      "eti_99": [
        0.02195322351114009,
        0.02263958316035716
      ],
      "mode_1": {
        "mode": 0.022294279960999076,
        "peak_height": 2976.3191883952,
        "hdi_68": [
          0.02217478967118969,
          0.02244036544877726
        ],
        "hdi_99": [
          0.0219562762094524,
          0.022640451461105892
        ],
        "posterior_mass": 1.0000000000000002,
        "likelihood_max": 817.4350419238197,
        "likelihood_std": 0.007299177625892246,
        "n_samples_in_hdi": 14251
      }
    },
    "S1_phi_rm": {
      "mean": -4.469772486861412,
      "median": -4.469152778480809,
      "std": 0.13508352305492635,
      "eti_68": [
        -4.606263141643665,
        -4.334999517644307
      ],
      "eti_99": [
        -4.817624082000381,
        -4.1161413788756125
      ],
      "mode_1": {
        "mode": -4.460076222895147,
        "peak_height": 2.922301033067277,
        "hdi_68": [
          -4.606807442414285,
          -4.335959577319453
        ],
        "hdi_99": [
          -4.819559192729759,
          -4.122938143645205
        ],
        "posterior_mass": 1.0000000000000002,
        "likelihood_max": 817.4350419238197,
        "likelihood_std": 0.007299177625892246,
        "n_samples_in_hdi": 14251
      }
    }
  },
  "stokes_i_fit": {
    "model": "power-law",
    "I0": 0.10632250609630335,
    "I0_err": 5.30280716204508e-05,
    "alpha_lambda2": 0.07645576406556501,
    "alpha_lambda2_err": 0.0015010955427358244,
    "alpha_nu": -0.15291152813113001,
    "alpha_nu_err": 0.003002191085471649,
    "freq0_GHz": 1.28
  }
}