{
  "metadata": {
    "model_type": "S",
    "n_components": 1,
    "component_names": [
      "S1"
    ],
    "n_params": 3,
    "n_data": 326,
    "n_iter": 13926,
    "n_eff": 10217.857621781406,
    "ordering_enforced": true
  },
  "sampling_parameters": {
    "sampler_type": "dynamic",
    "n_cores": 15,
    "sampler_kwargs": {
      "bound": "multi",
      "sample": "rwalk",
      "walks": 70,
      "rstate": "Generator(PCG64)"
    },
    "run_kwargs": {
      "dlogz_init": 0.01,
      "nlive_init": 225,
      "nlive_batch": 75,
      "n_effective": 10000,
      "maxiter": null,
      "maxcall": null
    }
  },
  "evidence": {
    "logz": 1367.8207875417895,
    "logzerr": 0.10280486068823644
  },
  "model_comparison": {
    "BIC": -2745.937701210644,
    "AIC": -2757.298393354744
  },
  "goodness_of_fit": {
    "best_sample": {
      "chi_squared": 360.63409860377857,
      "chi_squared_Q": 182.91158758266874,
      "chi_squared_U": 177.72251102110982,
      "reduced_chi_squared": 1.1165142371634011
    },
    "importance_weighted": {
      "chi_squared_mean": 363.55859823392865,
      "chi_squared_std": 0.2352701336049991,
      "reduced_chi_squared_mean": 1.1255684155849184
    },
    "dof": 323
  },
  "parameters": {
    "S1_a": {
      "parameter_type": "sampled",
      "mean": 0.03737244299208304,
      "std": 0.0002551224046089259,
      "median": 0.0373693661915212,
      "eti_68": [
        0.03711907764265349,
        0.03762640991220973
      ],
      "eti_99": [
        0.036782590290325164,
        0.037966554227874386
      ]
    },
    "S1_b": {
      "parameter_type": "sampled",
      "mean": 0.003874534659113816,
      "std": 0.00028789925248267457,
      "median": 0.0038723250574330056,
      "eti_68": [
        0.0035875817694470237,
        0.004166213470564311
      ],
      "eti_99": [
        0.003211337446253548,
        0.004547097233200789
      ]
    },
    "S1_phi_rm": {
      "parameter_type": "sampled",
      "mean": -3.67769402066275,
      "std": 0.15575299997828385,
      "median": -3.677917983397288,
      "eti_68": [
        -3.830746319190549,
        -3.5219773528394485
      ],
      "eti_99": [
        -4.043295017092277,
        -3.3151139374227
      ]
    },
    "S1_p0": {
      "parameter_type": "derived",
      "mean": 0.03757385585879702,
      "std": 0.0002546275866146311,
      "median": 0.03757172586451774,
      "eti_68": [
        0.03732134520548091,
        0.0378266545843694
      ],
      "eti_99": [
        0.03698515353825386,
        0.038169424131762074
      ]
    },
    "S1_psi_0": {
      "parameter_type": "derived",
      "mean": 2.959461506995652,
      "std": 0.2198520852544924,
      "median": 2.9577511135578254,
      "eti_68": [
        2.7411662801548764,
        3.1794394949971143
      ],
      "eti_99": [
        2.4492509383224115,
        3.472348033576234
      ]
    }
  },
  "processed_parameters": {
    "S1_psi_0": {
      "mean": 13.495278793219068,
      "median": 13.501086421202478,
      "std": 0.5838439898323212,
      "eti_68": [
        12.920348619559578,
        14.07356532124986
      ],
      "eti_99": [
        11.978893750029657,
        15.00946064987851
      ],
      "mode_1": {
        "mode": 13.54027897975416,
        "peak_height": 36.637799114597385,
        "hdi_68": [
          12.92088857088733,
          14.073610669535366
        ],
        "hdi_99": [
          11.91788821767476,
          14.93329853053057
        ],
        "posterior_mass": 1.0,
        "likelihood_max": 1381.649196677372,
        "likelihood_std": 0.008362414908191758,
        "n_samples_in_hdi": 13926
      }
    },
    "S1_p0": {
      "mean": 0.03757299017420524,
      "median": 0.037570860170604015,
      "std": 0.00025463345322010916,
      "eti_68": [
        0.03732047370368283,
        0.03782579472484085
      ],
      "eti_99": [
        0.03692473679236103,
        0.03822475799318986
      ],
      "mode_1": {
        "mode": 0.03754849071794025,
        "peak_height": 1567.4766023031211,
        "hdi_68": [
          0.03730180086533088,
          0.03780549256415263
        ],
        "hdi_99": [
          0.03693031542908103,
          0.03822777633261981
        ],
        "posterior_mass": 1.0,
        "likelihood_max": 1381.649196677372,
        "likelihood_std": 0.008362414908191758,
        "n_samples_in_hdi": 13926
      }
    },
    "S1_phi_rm": {
      "mean": -3.677694020662672,
      "median": -3.6779179833972613,
      "std": 0.15575299997804293,
      "eti_68": [
        -3.830746319190461,
        -3.5219773528394476
      ],
      "eti_99": [
        -4.082444942551836,
        -3.271997160452013
      ],
      "mode_1": {
        "mode": -3.655576866337939,
        "peak_height": 2.4609523495402192,
        "hdi_68": [
          -3.822515110037574,
          -3.5144559312440506
        ],
        "hdi_99": [
          -4.071945600057555,
          -3.264782608301762
        ],
        "posterior_mass": 1.0,
        "likelihood_max": 1381.649196677372,
        "likelihood_std": 0.008362414908191758,
        "n_samples_in_hdi": 13926
      }
    }
  },
  "stokes_i_fit": {
    "model": "power-law",
    "I0": 0.055406918648456004,
    "I0_err": 3.2465076310896026e-05,
    "alpha_lambda2": 0.2322388228557602,
    "alpha_lambda2_err": 0.0018021120152400636,
    "alpha_nu": -0.4644776457115204,
    "alpha_nu_err": 0.003604224030480127,
    "freq0_GHz": 1.28
  }
}