{
  "metadata": {
    "model_type": "S",
    "n_components": 1,
    "component_names": [
      "S1"
    ],
    "n_params": 3,
    "n_data": 84,
    "n_iter": 12107,
    "n_eff": 10092.6094313586,
    "ordering_enforced": true
  },
  "sampling_parameters": {
    "sampler_type": "dynamic",
    "n_cores": 15,
    "sampler_kwargs": {
      "bound": "multi",
      "sample": "rwalk",
      "walks": 70,
      "rstate": "Generator(PCG64)"
    },
    "run_kwargs": {
      "dlogz_init": 0.01,
      "nlive_init": 225,
      "nlive_batch": 75,
      "n_effective": 10000,
      "maxiter": null,
      "maxcall": null
    }
  },
  "evidence": {
    "logz": 57.682888329837056,
    "logzerr": 0.05407420751832931
  },
  "model_comparison": {
    "BIC": -111.62412006661181,
    "AIC": -118.91657046314175
  },
  "goodness_of_fit": {
    "best_sample": {
      "chi_squared": 69.78440883001556,
      "chi_squared_Q": 46.226992105024856,
      "chi_squared_U": 23.557416724990706,
      "reduced_chi_squared": 0.8615359114816736
    },
    "importance_weighted": {
      "chi_squared_mean": 73.02750408404673,
      "chi_squared_std": 0.1880311871359338,
      "reduced_chi_squared_mean": 0.901574124494404
    },
    "dof": 81
  },
  "parameters": {
    "S1_a": {
      "parameter_type": "sampled",
      "mean": 0.08898044712349683,
      "std": 0.018127615893179055,
      "median": 0.08911911824674044,
      "eti_68": [
        0.07108701031721355,
        0.10691555132336802
      ],
      "eti_99": [
        0.04662583960011805,
        0.1315404730279237
      ]
    },
    "S1_b": {
      "parameter_type": "sampled",
      "mean": 0.0022421628136202187,
      "std": 0.01697985859787303,
      "median": 0.002029563074806755,
      "eti_68": [
        -0.01461443267077048,
        0.019024035596549842
      ],
      "eti_99": [
        -0.03769417484099368,
        0.04181551824688459
      ]
    },
    "S1_phi_rm": {
      "parameter_type": "sampled",
      "mean": -1.1588057357688386,
      "std": 0.6284950170599921,
      "median": -1.16150891920638,
      "eti_68": [
        -1.7813405081576883,
        -0.5319858696067873
      ],
      "eti_99": [
        -2.658577452447611,
        0.2969491741126596
      ]
    },
    "S1_p0": {
      "parameter_type": "derived",
      "mean": 0.09063387817830126,
      "std": 0.0180262174757432,
      "median": 0.09093121039368196,
      "eti_68": [
        0.07270728468587134,
        0.10833649426567149
      ],
      "eti_99": [
        0.048379002142858236,
        0.13265740964806141
      ]
    },
    "S1_psi_0": {
      "parameter_type": "derived",
      "mean": 0.7305615148247884,
      "std": 5.553315385607593,
      "median": 0.6403605924889085,
      "eti_68": [
        -4.763200118254136,
        6.230650141692505
      ],
      "eti_99": [
        -12.304965848502343,
        13.822933555313828
      ]
    }
  },
  "processed_parameters": {
    "S1_psi_0": {
      "mean": 4.050295411494641,
      "median": 3.9937298027846944,
      "std": 5.983738416462351,
      "eti_68": [
        -1.8858056849225067,
        9.976325177206295
      ],
      "eti_99": [
        -11.623092390817407,
        19.679584145804522
      ],
      "mode_1": {
        "mode": 3.194692112623017,
        "peak_height": 3.7542211041375646,
        "hdi_68": [
          -1.5930284314023027,
          10.201427415515338
        ],
        "hdi_99": [
          -11.291835323056452,
          19.846256772912756
        ],
        "posterior_mass": 1.0,
        "likelihood_max": 62.40512822554753,
        "likelihood_std": 0.05145095912696741,
        "n_samples_in_hdi": 12107
      }
    },
    "S1_p0": {
      "mean": 0.08864732342673255,
      "median": 0.08904445658436191,
      "std": 0.018480626671108284,
      "eti_68": [
        0.07033334537175619,
        0.10675779228833392
      ],
      "eti_99": [
        0.04035855971852148,
        0.1362656555799481
      ],
      "mode_1": {
        "mode": 0.09181634380825894,
        "peak_height": 21.3579770520524,
        "hdi_68": [
          0.07129361221572367,
          0.10763264464711601
        ],
        "hdi_99": [
          0.04057060352528389,
          0.13628954374099184
        ],
        "posterior_mass": 1.0,
        "likelihood_max": 62.458285231570876,
        "likelihood_std": 0.0537886404102341,
        "n_samples_in_hdi": 12107
      }
    },
    "S1_phi_rm": {
      "mean": -1.1588057357687938,
      "median": -1.1615089192063657,
      "std": 0.6284950170599731,
      "eti_68": [
        -1.7813405081576872,
        -0.5319858696067823
      ],
      "eti_99": [
        -2.8311718663246688,
        0.4444743930913965
      ],
      "mode_1": {
        "mode": -1.2861072114890786,
        "peak_height": 0.6181087696743223,
        "hdi_68": [
          -1.792068935509346,
          -0.5469163930351578
        ],
        "hdi_99": [
          -2.809099383502775,
          0.4554569580790233
        ],
        "posterior_mass": 1.0,
        "likelihood_max": 62.086943622998405,
        "likelihood_std": 0.025282034658053364,
        "n_samples_in_hdi": 12107
      }
    }
  },
  "stokes_i_fit": {
    "model": "power-law",
    "I0": 0.0008606521578708794,
    "I0_err": 1.4122622467536426e-05,
    "alpha_lambda2": 0.5250640983227892,
    "alpha_lambda2_err": 0.04961746172218837,
    "alpha_nu": -1.0501281966455784,
    "alpha_nu_err": 0.09923492344437675,
    "freq0_GHz": 1.28
  }
}