{"dFDFcorMAD": 0.08459404855966568, "phiPeakPIfit_rm2": -5.344647487415417, "dPhiPeakPIfit_rm2": 0.0003336960593046398, "ampPeakPIfit": 1.4922437110373417, "ampPeakPIfitEff": 1.4922437084596163, "dAmpPeakPIfit": 5.783480672300812e-05, "snrPIfit": 25801.82757736597, "indxPeakPIfit": 1786.1729495150935, "peakFDFimagFit": 1.2896448941861571, "peakFDFrealFit": 0.7444261487718327, "polAngleFit_deg": 30.00251047387707, "dPolAngleFit_deg": 0.0011103046739864206, "polAngle0Fit_deg": 30.00251047387707, "dPolAngle0Fit_deg": 0.001120538113117029, "Ifreq0": 16.105456488149073, "polyCoeffs": "0.0,5.5697417,0.6844623,0.052631248,-0.56721467,16.105457", "polyCoefferr": "0.0,0.6269617,0.050572257,0.007672733,0.0003983805,0.00061282574", "polyOrd": 4, "IfitStat": 1, "IfitChiSqRed": 6.5054325164945315, "fit_function": "log", "lam0Sq_m2": 0, "freq0_Hz": 1215029397.8364751, "fwhmRMSF": 17.21993637084961, "dQU": 0.00040824999450705945, "dFDFth": 5.783480672300812e-05, "units": "Jy/beam", "min_freq": 902799424.0, "max_freq": 1651799424.0, "N_channels": 56, "median_channel_width": 13374976.0, "fracPol": 0.09265454285990952, "sigmaAddQ": 290.2220321399931, "dSigmaAddMinusQ": 25.708097491046317, "dSigmaAddPlusQ": 30.133873965772807, "sigmaAddU": 86.61340492223498, "dSigmaAddMinusU": 7.672906038672039, "dSigmaAddPlusU": 8.992454814609914, "sigmaAddC": 213.39357891701806, "dSigmaAddMinusC": 13.646771509735629, "dSigmaAddPlusC": 15.261156871269492}