{
  "metadata": {
    "model_type": "SS",
    "n_components": 2,
    "component_names": [
      "S1",
      "S2"
    ],
    "n_params": 6,
    "n_data": 330,
    "n_iter": 18296,
    "n_eff": 10187.30692907575,
    "ordering_enforced": true
  },
  "sampling_parameters": {
    "sampler_type": "dynamic",
    "n_cores": 15,
    "sampler_kwargs": {
      "bound": "multi",
      "sample": "rwalk",
      "walks": 115,
      "rstate": "Generator(PCG64)"
    },
    "run_kwargs": {
      "dlogz_init": 0.01,
      "nlive_init": 450,
      "nlive_batch": 150,
      "n_effective": 10000,
      "maxiter": null,
      "maxcall": null
    }
  },
  "evidence": {
    "logz": 1060.4371084543802,
    "logzerr": 0.12348655113885951
  },
  "model_comparison": {
    "BIC": -2126.6231195475216,
    "AIC": -2149.417675474285
  },
  "goodness_of_fit": {
    "best_sample": {
      "chi_squared": 411.7733751091656,
      "chi_squared_Q": 202.59593516123743,
      "chi_squared_U": 209.17743994792815,
      "reduced_chi_squared": 1.2709054787319927
    },
    "importance_weighted": {
      "chi_squared_mean": 416.98152980554346,
      "chi_squared_std": 0.30128572606092585,
      "reduced_chi_squared_mean": 1.286980030264023
    },
    "dof": 324
  },
  "parameters": {
    "S1_a": {
      "parameter_type": "sampled",
      "mean": 0.04504307937188432,
      "std": 0.0028268901749469457,
      "median": 0.045649271590015715,
      "eti_68": [
        0.043317416490600905,
        0.046855558113612195
      ],
      "eti_99": [
        0.035412155480470525,
        0.04992970053464776
      ]
    },
    "S1_b": {
      "parameter_type": "sampled",
      "mean": -0.017478961864845367,
      "std": 0.004620185000038634,
      "median": -0.016172033892760476,
      "eti_68": [
        -0.02076978136613795,
        -0.014000982595538138
      ],
      "eti_99": [
        -0.0341765984748834,
        -0.012139325629610847
      ]
    },
    "S1_phi_rm": {
      "parameter_type": "sampled",
      "mean": -3.9317921504238207,
      "std": 0.5001582457658962,
      "median": -3.932058290122582,
      "eti_68": [
        -4.418076155721744,
        -3.44849222823178
      ],
      "eti_99": [
        -5.127246941904351,
        -2.7152704338508027
      ]
    },
    "S2_a": {
      "parameter_type": "sampled",
      "mean": 0.004964908881417713,
      "std": 0.002752388544922185,
      "median": 0.00443808855919497,
      "eti_68": [
        0.003221707503640772,
        0.0065900240933665435
      ],
      "eti_99": [
        -0.0003267388367047811,
        0.014236716024944234
      ]
    },
    "S2_b": {
      "parameter_type": "sampled",
      "mean": 0.004337940006391091,
      "std": 0.0044859767100529245,
      "median": 0.0030354072714201485,
      "eti_68": [
        0.0010441922674381847,
        0.007486709119931696
      ],
      "eti_99": [
        -0.0007544211670581334,
        0.020835679860206527
      ]
    },
    "S2_phi_rm": {
      "parameter_type": "sampled",
      "mean": 14.781313881358054,
      "std": 8.379538459559933,
      "median": 14.52411984584714,
      "eti_68": [
        5.5649938640856265,
        23.729060048269748
      ],
      "eti_99": [
        -0.3432502508152575,
        33.69936743569672
      ]
    },
    "S1_p0": {
      "parameter_type": "derived",
      "mean": 0.04854294732249857,
      "std": 0.002703817252635753,
      "median": 0.048397342645966804,
      "eti_68": [
        0.046965777819683883,
        0.04982487034693053
      ],
      "eti_99": [
        0.04220757505125972,
        0.05790024897407895
      ]
    },
    "S1_psi_0": {
      "parameter_type": "derived",
      "mean": -10.582231794547013,
      "std": 2.755202482449213,
      "median": -9.823485594319083,
      "eti_68": [
        -12.758109637484713,
        -8.455507921460717
      ],
      "eti_99": [
        -20.183170156816246,
        -7.301568604543177
      ]
    },
    "S2_p0": {
      "parameter_type": "derived",
      "mean": 0.007156842562183319,
      "std": 0.0044661523629556475,
      "median": 0.005724931139192012,
      "eti_68": [
        0.004125398991670564,
        0.0101915410436966
      ],
      "eti_99": [
        0.0028591664172070335,
        0.024373586183147666
      ]
    },
    "S2_psi_0": {
      "parameter_type": "derived",
      "mean": 17.1724012905352,
      "std": 10.788991883611999,
      "median": 16.37889779545246,
      "eti_68": [
        6.693692909811359,
        27.801880113671878
      ],
      "eti_99": [
        -5.330035994079734,
        45.801848759628605
      ]
    }
  },
  "processed_parameters": {
    "S1_psi_0": {
      "mean": 0.6815230027641698,
      "median": 1.2692987664433157,
      "std": 3.1911434145026907,
      "eti_68": [
        -2.043140960941182,
        3.440491857141333
      ],
      "eti_99": [
        -11.853298761159964,
        6.263083180317332
      ],
      "mode_1": {
        "mode": 1.8170633362714628,
        "peak_height": 9.33859140861767,
        "hdi_68": [
          -0.7505666517289121,
          4.331418366019799
        ],
        "hdi_99": [
          -9.76585614624742,
          7.013354243399966
        ],
        "posterior_mass": 1.0,
        "likelihood_max": 1080.7088377371424,
        "likelihood_std": 0.05259715931184202,
        "n_samples_in_hdi": 18296
      }
    },
    "S1_p0": {
      "mean": 0.04853895231854367,
      "median": 0.04839334694156308,
      "std": 0.002704019963662253,
      "eti_68": [
        0.046961660289845955,
        0.04982098907070218
      ],
      "eti_99": [
        0.040683630028586326,
        0.060771734126195874
      ],
      "mode_1": {
        "mode": 0.048393209906057555,
        "peak_height": 294.66015718335177,
        "hdi_68": [
          0.04700825298841684,
          0.049853166212082876
        ],
        "hdi_99": [
          0.040207541959392634,
          0.05941310811134477
        ],
        "posterior_mass": 1.0,
        "likelihood_max": 1080.7088377371424,
        "likelihood_std": 0.04963080749860192,
        "n_samples_in_hdi": 18296
      }
    },
    "S1_phi_rm": {
      "mean": -3.93179215042376,
      "median": -3.9320753108940463,
      "std": 0.5001582457658238,
      "eti_68": [
        -4.41818966594085,
        -3.44848237648611
      ],
      "eti_99": [
        -5.277008826857228,
        -2.581793788711318
      ],
      "mode_1": {
        "mode": -3.9151621029244126,
        "peak_height": 0.8185173998465008,
        "hdi_68": [
          -4.411615714561066,
          -3.4448450091187315
        ],
        "hdi_99": [
          -5.174311886177721,
          -2.4933304636500293
        ],
        "posterior_mass": 1.0,
        "likelihood_max": 1080.7088377371424,
        "likelihood_std": 0.051649776232438833,
        "n_samples_in_hdi": 18296
      }
    },
    "S2_psi_0": {
      "mean": -25.136866194449155,
      "median": -24.805618692847162,
      "std": 31.995734380364222,
      "eti_68": [
        -58.89161486076338,
        9.529572510593017
      ],
      "eti_99": [
        -103.88010989329818,
        41.95930203484021
      ],
      "mode_1": {
        "mode": -31.105699114324953,
        "peak_height": 0.6245014585423192,
        "hdi_68": [
          -57.81760453845239,
          10.281515009101387
        ],
        "hdi_99": [
          -103.5362257458504,
          42.06593966535289
        ],
        "posterior_mass": 1.0,
        "likelihood_max": 1080.7088377371424,
        "likelihood_std": 0.04713039535253413,
        "n_samples_in_hdi": 18296
      }
    },
    "S2_p0": {
      "mean": 0.007122897709866006,
      "median": 0.00569105351249332,
      "std": 0.004477108864437407,
      "eti_68": [
        0.004078255800090514,
        0.010172549889304529
      ],
      "eti_99": [
        0.0025545406631528374,
        0.031288297665840153
      ],
      "mode_1": {
        "mode": 0.004726784966560651,
        "peak_height": 197.7873635138703,