{"dFDFcorMAD": 1.796705873857718e-05, "phiPeakPIfit_rm2": -2.3560485445761814, "dPhiPeakPIfit_rm2": 1.0655359782044675, "ampPeakPIfit": 0.00011742079991090461, "ampPeakPIfitEff": 0.00011494156621434667, "dAmpPeakPIfit": 1.582623864112815e-05, "snrPIfit": 7.419375037462119, "indxPeakPIfit": 1788.3129445465895, "peakFDFimagFit": 5.0862633479285726e-05, "peakFDFrealFit": 0.00010540470976237565, "polAngleFit_deg": 12.879726266510483, "dPolAngleFit_deg": 3.861226803051662, "polAngle0Fit_deg": 12.879726266510483, "dPolAngle0Fit_deg": 3.9020874838361883, "Ifreq0": 0.001287967995972945, "polyCoeffs": "0.0,357.1827,1.1384258,-5.2130065,-0.74074864,0.001287968", "polyCoefferr": "0.0,250.81949,16.38391,4.0534515,0.16819958,3.4922527e-05", "polyOrd": 4, "IfitStat": 1, "IfitChiSqRed": 1.2878082617736748, "fit_function": "log", "lam0Sq_m2": 0, "freq0_Hz": 1208409451.5443025, "fwhmRMSF": 15.811222076416016, "dQU": 0.0001049999991664663, "dFDFth": 1.582623864112815e-05, "units": "Jy/beam", "min_freq": 902799424.0, "max_freq": 1651799424.0, "N_channels": 49, "median_channel_width": 13374976.0, "fracPol": 0.08924256392529269, "sigmaAddQ": 0.025009561887737005, "dSigmaAddMinusQ": 0.01960538925990859, "dSigmaAddPlusQ": 0.10710715511084765, "sigmaAddU": 0.1530337204027333, "dSigmaAddMinusU": 0.14371546229104964, "dSigmaAddPlusU": 0.42688791082184396, "sigmaAddC": 0.035147513387429635, "dSigmaAddMinusC": 0.02858873668749479, "dSigmaAddPlusC": 0.15559251094103344}