{"dFDFcorMAD": 1.8783161067403853e-05, "phiPeakPIfit_rm2": -3.8375042628099814, "dPhiPeakPIfit_rm2": 0.10786892853017462, "ampPeakPIfit": 0.0012602785595925746, "ampPeakPIfitEff": 0.0012600354658669865, "dAmpPeakPIfit": 1.632113228836637e-05, "snrPIfit": 77.21759356677083, "indxPeakPIfit": 1785.2561023460644, "peakFDFimagFit": 0.0001535293193698435, "peakFDFrealFit": 0.0012466339938627142, "polAngleFit_deg": 3.5104567009904075, "dPolAngleFit_deg": 0.3710021050030398, "polAngle0Fit_deg": 3.5104567009904075, "dPolAngle0Fit_deg": 0.3721384081385325, "cleanCutoff": 0.00014689019059529733, "nIter": 30, "mom2CCFDF": 2.011232376098633, "dPhiObserved_rm2": 0.12414086369453384, "dAmpObserved": 1.8783161067403853e-05, "dPolAngleFitObserved_deg": 0.42696745369714056, "dPolAngleFit0Observed_deg": 0.42827516718406383}