{"dFDFcorMAD": 0.08579443395137787, "phiPeakPIfit_rm2": -6.975183245920946, "dPhiPeakPIfit_rm2": 0.0003616812323471516, "ampPeakPIfit": 1.4710711201472297, "ampPeakPIfitEff": 1.471071117123768, "dAmpPeakPIfit": 6.218994207226095e-05, "snrPIfit": 23654.486097413213, "indxPeakPIfit": 1745.1170753976553, "peakFDFimagFit": 1.2570539499304059, "peakFDFrealFit": 0.7595115046062733, "polAngleFit_deg": 29.429822431554474, "dPolAngleFit_deg": 0.0012110975329822958, "polAngle0Fit_deg": 29.429822431554474, "dPolAngle0Fit_deg": 0.0012222599581934823, "Ifreq0": 15.66145933511369, "polyCoeffs": "0.0,-4.694574,-0.7471255,0.16725002,-0.53808635,15.661459", "polyCoefferr": "0.0,0.7533238,0.05807986,0.009270191,0.00045558775,0.00075947994", "polyOrd": 4, "IfitStat": 1, "IfitChiSqRed": 3.5407403543216582, "fit_function": "log", "lam0Sq_m2": 0, "freq0_Hz": 1228166287.5794072, "fwhmRMSF": 17.110767364501953, "dQU": 0.00045074999798089266, "dFDFth": 6.218994207226095e-05, "units": "Jy/beam", "min_freq": 916200000.0, "max_freq": 1651800064.0, "N_channels": 56, "median_channel_width": 13399936.0, "fracPol": 0.09392937692757411, "sigmaAddQ": 248.32117216783897, "dSigmaAddMinusQ": 21.99630823899747, "dSigmaAddPlusQ": 25.780900351117765, "sigmaAddU": 66.89283257024, "dSigmaAddMinusU": 5.927353981358408, "dSigmaAddPlusU": 6.946581579526594, "sigmaAddC": 181.1993134275732, "dSigmaAddMinusC": 11.58310581372993, "dSigmaAddPlusC": 12.956526265231446}