{"dFDFcorMAD": 0.0002114090311806649, "phiPeakPIfit_rm2": -6.997040535031159, "dPhiPeakPIfit_rm2": 0.0003902721216057697, "ampPeakPIfit": 1.3633021324095749, "ampPeakPIfitEff": 1.3633021291471086, "dAmpPeakPIfit": 6.218994207226095e-05, "snrPIfit": 21921.58550052194, "indxPeakPIfit": 1745.101774363566, "peakFDFimagFit": 1.1664634628924995, "peakFDFrealFit": 0.7010718972213023, "polAngleFit_deg": 29.496572833251808, "dPolAngleFit_deg": 0.0013068347522517967, "polAngle0Fit_deg": 29.496572833251808, "dPolAngle0Fit_deg": 0.0013188795668006865, "cleanCutoff": 0.0005597094786503486, "nIter": 902, "mom2CCFDF": 232.83399963378906, "dPhiObserved_rm2": 0.0013266944521290952, "dAmpObserved": 0.0002114090311806649, "dPolAngleFitObserved_deg": 0.004442465448283579, "dPolAngleFit0Observed_deg": 0.0044834106958538825}