{
  "metadata": {
    "model_type": "S",
    "n_components": 1,
    "component_names": [
      "S1"
    ],
    "n_params": 3,
    "n_data": 314,
    "n_iter": 13530,
    "n_eff": 10205.682360340908,
    "ordering_enforced": true
  },
  "sampling_parameters": {
    "sampler_type": "dynamic",
    "n_cores": 15,
    "sampler_kwargs": {
      "bound": "multi",
      "sample": "rwalk",
      "walks": 70,
      "rstate": "Generator(PCG64)"
    },
    "run_kwargs": {
      "dlogz_init": 0.01,
      "nlive_init": 225,
      "nlive_batch": 75,
      "n_effective": 10000,
      "maxiter": null,
      "maxcall": null
    }
  },
  "evidence": {
    "logz": 1196.3257497545283,
    "logzerr": 0.1165369420224697
  },
  "model_comparison": {
    "BIC": -2406.451802932108,
    "AIC": -2417.6999818898325
  },
  "goodness_of_fit": {
    "best_sample": {
      "chi_squared": 464.38228237335204,
      "chi_squared_Q": 221.0968299747764,
      "chi_squared_U": 243.28545239857564,
      "reduced_chi_squared": 1.4931906185638328
    },
    "importance_weighted": {
      "chi_squared_mean": 470.8783699329912,
      "chi_squared_std": 0.328114495292376,
      "reduced_chi_squared_mean": 1.5140783599131549
    },
    "dof": 311
  },
  "parameters": {
    "S1_a": {
      "parameter_type": "sampled",
      "mean": 0.012862961597428928,
      "std": 0.0003125035421489789,
      "median": 0.012864488536643685,
      "eti_68": [
        0.012549218870492826,
        0.013175218675086387
      ],
      "eti_99": [
        0.01212973239176888,
        0.013582929162589184
      ]
    },
    "S1_b": {
      "parameter_type": "sampled",
      "mean": 0.0049582396066312736,
      "std": 0.0003257623690859604,
      "median": 0.00495716993378797,
      "eti_68": [
        0.004637758355229481,
        0.005280559395887144
      ],
      "eti_99": [
        0.004201584015460167,
        0.005728054828391542
      ]
    },
    "S1_phi_rm": {
      "parameter_type": "sampled",
      "mean": -0.6804168707265887,
      "std": 0.38800811519632644,
      "median": -0.6644969200252568,
      "eti_68": [
        -1.0748709374801468,
        -0.2769635111854671
      ],
      "eti_99": [
        -1.6261923177208637,
        0.055754304037938664
      ]
    },
    "S1_p0": {
      "parameter_type": "derived",
      "mean": 0.013789373712760736,
      "std": 0.0003112278462569995,
      "median": 0.013791653584794275,
      "eti_68": [
        0.013483564356969782,
        0.014098989711808573
      ],
      "eti_99": [
        0.013064022801676633,
        0.01450036482165363
      ]
    },
    "S1_psi_0": {
      "parameter_type": "derived",
      "mean": 10.539869458213259,
      "std": 0.6796102165786001,
      "median": 10.540314526008622,
      "eti_68": [
        9.865388052394483,
        11.209930423317612
      ],
      "eti_99": [
        8.968530205863402,
        12.13259268754686
      ]
    }
  },
  "processed_parameters": {
    "S1_psi_0": {
      "mean": 12.489120208319308,
      "median": 12.455170495784502,
      "std": 1.4483077825714197,
      "eti_68": [
        11.013257463977208,
        13.951321775461224
      ],
      "eti_99": [
        9.25814023432579,
        16.38591691937042
      ],
      "mode_1": {
        "mode": 12.578987362631942,
        "peak_height": 14.79583386804794,
        "hdi_68": [
          10.893280343925902,
          13.812601665207094
        ],
        "hdi_99": [
          9.151495118591583,
          16.24167762878253
        ],
        "posterior_mass": 1.0,
        "likelihood_max": 1211.4674156884241,
        "likelihood_std": 0.07024828906923195,
        "n_samples_in_hdi": 13530
      }
    },
    "S1_p0": {
      "mean": 0.013785754562034024,
      "median": 0.013788036879957636,
      "std": 0.0003113096897296741,
      "eti_68": [
        0.01347986499074271,
        0.014095451865539139
      ],
      "eti_99": [
        0.012985450969227878,
        0.014565930341737109
      ],
      "mode_1": {
        "mode": 0.013800548077156072,
        "peak_height": 1278.1063952069546,
        "hdi_68": [
          0.013478550313053981,
          0.014093918494658885
        ],
        "hdi_99": [
          0.012992650748316025,
          0.014566762347434686
        ],
        "posterior_mass": 1.0,
        "likelihood_max": 1211.8499909449163,
        "likelihood_std": 0.044745284988934445,
        "n_samples_in_hdi": 13530
      }
    },
    "S1_phi_rm": {
      "mean": -0.6804168707263721,
      "median": -0.6644969200251231,
      "std": 0.3880081151958437,
      "eti_68": [
        -1.0748709374801098,
        -0.27696351118545276
      ],
      "eti_99": [
        -1.72817368913448,
        0.07828491598125148
      ],
      "mode_1": {
        "mode": -0.6719992026056683,
        "peak_height": 0.9869236214970016,
        "hdi_68": [
          -1.0170788940583613,
          -0.22486917946529084
        ],
        "hdi_99": [
          -1.6263814548227251,
          0.10107832827627838
        ],
        "posterior_mass": 1.0,
        "likelihood_max": 1211.3029753912265,
        "likelihood_std": 0.05587723176666704,
        "n_samples_in_hdi": 13530
      }
    }
  },
  "stokes_i_fit": {
    "model": "power-law",
    "I0": 0.0616984848578057,
    "I0_err": 3.71644138262712e-05,
    "alpha_lambda2": 0.23652285267922543,
    "alpha_lambda2_err": 0.001804096807387738,
    "alpha_nu": -0.47304570535845086,
    "alpha_nu_err": 0.003608193614775476,
    "freq0_GHz": 1.28
  }
}