{
  "metadata": {
    "model_type": "S",
    "n_components": 1,
    "component_names": [
      "S1"
    ],
    "n_params": 3,
    "n_data": 96,
    "n_iter": 12996,
    "n_eff": 10203.398437258693,
    "ordering_enforced": true
  },
  "sampling_parameters": {
    "sampler_type": "dynamic",
    "n_cores": 15,
    "sampler_kwargs": {
      "bound": "multi",
      "sample": "rwalk",
      "walks": 70,
      "rstate": "Generator(PCG64)"
    },
    "run_kwargs": {
      "dlogz_init": 0.01,
      "nlive_init": 225,
      "nlive_batch": 75,
      "n_effective": 10000,
      "maxiter": null,
      "maxcall": null
    }
  },
  "evidence": {
    "logz": 188.59658831612154,
    "logzerr": 0.06922156257761837
  },
  "model_comparison": {
    "BIC": -377.818814234253,
    "AIC": -385.51185880865654
  },
  "goodness_of_fit": {
    "best_sample": {
      "chi_squared": 88.96297714387063,
      "chi_squared_Q": 45.245102035251406,
      "chi_squared_U": 43.717875108619225,
      "reduced_chi_squared": 0.9565911520846304
    },
    "importance_weighted": {
      "chi_squared_mean": 91.65909440988446,
      "chi_squared_std": 0.19725388117611073,
      "reduced_chi_squared_mean": 0.9855816603213383
    },
    "dof": 93
  },
  "parameters": {
    "S1_a": {
      "parameter_type": "sampled",
      "mean": -0.07460986847347079,
      "std": 0.0043442056891720305,
      "median": -0.07459223530470646,
      "eti_68": [
        -0.07891654670216049,
        -0.07039921883726089
      ],
      "eti_99": [
        -0.0849990890906693,
        -0.06449438698411498
      ]
    },
    "S1_b": {
      "parameter_type": "sampled",
      "mean": 0.015779378579071475,
      "std": 0.0045624907605567476,
      "median": 0.01573328530546,
      "eti_68": [
        0.01129130083482798,
        0.02028116899950587
      ],
      "eti_99": [
        0.005211935619128744,
        0.026430952582456087
      ]
    },
    "S1_phi_rm": {
      "parameter_type": "sampled",
      "mean": -1.7781579140165138,
      "std": 0.5850259901659824,
      "median": -1.7787816026590815,
      "eti_68": [
        -2.3602553138043767,
        -1.194941942911817
      ],
      "eti_99": [
        -3.110145202676894,
        -0.4197529305076317
      ]
    },
    "S1_p0": {
      "parameter_type": "derived",
      "mean": 0.07639573944721452,
      "std": 0.004358746787814568,
      "median": 0.0764096199887254,
      "eti_68": [
        0.07209836810268708,
        0.08070867772043581
      ],
      "eti_99": [
        0.066295311900162,
        0.08678103780021039
      ]
    },
    "S1_psi_0": {
      "parameter_type": "derived",
      "mean": 83.98036174554458,
      "std": 3.3963058831793913,
      "median": 84.03614629932298,
      "eti_68": [
        82.34163929099184,
        85.70451470101142
      ],
      "eti_99": [
        80.05016260152723,
        88.02387611775698
      ]
    }
  },
  "processed_parameters": {
    "S1_psi_0": {
      "mean": 89.12589448967181,
      "median": 89.12484817912174,
      "std": 2.677416071891543,
      "eti_68": [
        86.4754150896684,
        91.80692321555176
      ],
      "eti_99": [
        82.22809901409875,
        95.88010178109509
      ],
      "mode_1": {
        "mode": 88.72097362888633,
        "peak_height": 8.336888586034696,
        "hdi_68": [
          86.43983269842889,
          91.74242675613549
        ],
        "hdi_99": [
          82.31426832749449,
          95.91172615816005
        ],
        "posterior_mass": 1.0,
        "likelihood_max": 195.75529952996055,
        "likelihood_std": 0.00933784632031956,
        "n_samples_in_hdi": 12996
      }
    },
    "S1_p0": {
      "mean": 0.0762679573687497,
      "median": 0.07628228114664462,
      "std": 0.00436609143745573,
      "eti_68": [
        0.07196340092837093,
        0.08058813218764833
      ],
      "eti_99": [
        0.06504633845702577,
        0.08757535762894526
      ],
      "mode_1": {
        "mode": 0.07672524095038931,
        "peak_height": 90.45778525717489,
        "hdi_68": [
          0.07203098601433924,
          0.08064015084094475
        ],
        "hdi_99": [
          0.06502527543534357,
          0.0875239037036069
        ],
        "posterior_mass": 1.0,
        "likelihood_max": 195.75592940432827,
        "likelihood_std": 0.006916887194156811,
        "n_samples_in_hdi": 12996
      }
    },
    "S1_phi_rm": {
      "mean": -1.778157914016541,
      "median": -1.7787816026590904,
      "std": 0.5850259901659725,
      "eti_68": [
        -2.360255313804379,
        -1.194941942911831
      ],
      "eti_99": [
        -3.23939774104547,
        -0.2905726276406463
      ],
      "mode_1": {
        "mode": -1.7708150097516824,
        "peak_height": 0.6616789747264764,
        "hdi_68": [
          -2.3655397417767796,
          -1.2012430668988938
        ],
        "hdi_99": [
          -3.2642816986531584,
          -0.3352117451426
        ],
        "posterior_mass": 1.0,
        "likelihood_max": 195.74514481669456,
        "likelihood_std": 0.012199157819413138,
        "n_samples_in_hdi": 12996
      }
    }
  },
  "stokes_i_fit": {
    "model": "power-law",
    "I0": 0.00349695071419182,
    "I0_err": 2.069480176547394e-05,
    "alpha_lambda2": 0.34295407450462034,
    "alpha_lambda2_err": 0.017752757462221023,
    "alpha_nu": -0.6859081490092407,
    "alpha_nu_err": 0.035505514924442046,
    "freq0_GHz": 1.28
  }
}