{"dFDFcorMAD": 0.00022482321946881711, "phiPeakPIfit_rm2": -5.919867742369296, "dPhiPeakPIfit_rm2": 0.00039258518048852537, "ampPeakPIfit": 1.3567612834331875, "ampPeakPIfitEff": 1.3567612802879585, "dAmpPeakPIfit": 6.0915656028420696e-05, "snrPIfit": 22272.784566256323, "indxPeakPIfit": 1785.7610657458097, "peakFDFimagFit": 1.1535132761420293, "peakFDFrealFit": 0.7061741591114684, "polAngleFit_deg": 29.262636357924514, "dPolAngleFit_deg": 0.0012862284763416262, "polAngle0Fit_deg": 29.262636357924514, "dPolAngle0Fit_deg": 0.0012978687903126393, "cleanCutoff": 0.0005482409042557863, "nIter": 754, "mom2CCFDF": 187.22093200683594, "dPhiObserved_rm2": 0.0014489257761912215, "dAmpObserved": 0.00022482321946881711, "dPolAngleFitObserved_deg": 0.004747121608419996, "dPolAngleFit0Observed_deg": 0.004790082860636832}