{
  "metadata": {
    "model_type": "S",
    "n_components": 1,
    "component_names": [
      "S1"
    ],
    "n_params": 3,
    "n_data": 108,
    "n_iter": 12133,
    "n_eff": 10150.685492549435,
    "ordering_enforced": true
  },
  "sampling_parameters": {
    "sampler_type": "dynamic",
    "n_cores": 15,
    "sampler_kwargs": {
      "bound": "multi",
      "sample": "rwalk",
      "walks": 70,
      "rstate": "Generator(PCG64)"
    },
    "run_kwargs": {
      "dlogz_init": 0.01,
      "nlive_init": 225,
      "nlive_batch": 75,
      "n_effective": 10000,
      "maxiter": null,
      "maxcall": null
    }
  },
  "evidence": {
    "logz": 44.385581625208374,
    "logzerr": 0.05924278452275025
  },
  "model_comparison": {
    "BIC": -85.95330719743451,
    "AIC": -93.99970087880718
  },
  "goodness_of_fit": {
    "best_sample": {
      "chi_squared": 153.8681716300798,
      "chi_squared_Q": 59.38618755158108,
      "chi_squared_U": 94.48198407849871,
      "reduced_chi_squared": 1.4654111583817122
    },
    "importance_weighted": {
      "chi_squared_mean": 157.8893777003567,
      "chi_squared_std": 0.1998292237861176,
      "reduced_chi_squared_mean": 1.5037083590510163
    },
    "dof": 105
  },
  "parameters": {
    "S1_a": {
      "parameter_type": "sampled",
      "mean": 0.07901573577420165,
      "std": 0.01582344081579957,
      "median": 0.07924763259356872,
      "eti_68": [
        0.063244966533491,
        0.09462443173702136
      ],
      "eti_99": [
        0.04208602344368328,
        0.1164210287818658
      ]
    },
    "S1_b": {
      "parameter_type": "sampled",
      "mean": 0.02450526438026591,
      "std": 0.014839109137534933,
      "median": 0.02438908438433395,
      "eti_68": [
        0.009631819665241643,
        0.0393054197043114
      ],
      "eti_99": [
        -0.00966195725563434,
        0.05922171272883366
      ]
    },
    "S1_phi_rm": {
      "parameter_type": "sampled",
      "mean": -1.5811856364176664,
      "std": 0.635707901138554,
      "median": -1.5806465255646294,
      "eti_68": [
        -2.214350339481639,
        -0.9513122236992493
      ],
      "eti_99": [
        -3.074915920630433,
        -0.11715851853159469
      ]
    },
    "S1_p0": {
      "parameter_type": "derived",
      "mean": 0.08401361831593562,
      "std": 0.016008302398257096,
      "median": 0.08419749690240266,
      "eti_68": [
        0.06804494127899056,
        0.099748189953367
      ],
      "eti_99": [
        0.04700911554322285,
        0.12107865108672729
      ]
    },
    "S1_psi_0": {
      "parameter_type": "derived",
      "mean": 8.580306172211875,
      "std": 5.128308626159769,
      "median": 8.58334859518846,
      "eti_68": [
        3.5500942203437713,
        13.610304504846392
      ],
      "eti_99": [
        -3.682002368580677,
        20.512999860205998
      ]
    }
  },
  "processed_parameters": {
    "S1_psi_0": {
      "mean": 13.110072028178543,
      "median": 13.121193771155665,
      "std": 5.587510454996999,
      "eti_68": [
        7.668856814746296,
        18.619697451826546
      ],
      "eti_99": [
        -1.3851794490143965,
        28.171476076461904
      ],
      "mode_1": {
        "mode": 13.379064608504812,
        "peak_height": 4.070625515586787,
        "hdi_68": [
          7.440982253567926,
          18.362024181793316
        ],
        "hdi_99": [
          -1.6519669627489677,
          27.779751309092926
        ],
        "posterior_mass": 1.0,
        "likelihood_max": 49.99985043940359,
        "likelihood_std": 0.06442318153998586,
        "n_samples_in_hdi": 12133
      }
    },
    "S1_p0": {
      "mean": 0.08251579186736138,
      "median": 0.08276583608202688,
      "std": 0.01632987104143053,
      "eti_68": [
        0.06626521841090854,
        0.09854271427512852
      ],
      "eti_99": [
        0.03998771967272545,
        0.12383170145470222
      ],
      "mode_1": {
        "mode": 0.08486693587805347,
        "peak_height": 24.620699331076985,
        "hdi_68": [
          0.06654260168165545,
          0.0987485319155496
        ],
        "hdi_99": [
          0.04181555589413369,
          0.1251484710484725
        ],
        "posterior_mass": 1.0,
        "likelihood_max": 49.99985043940359,
        "likelihood_std": 0.07137888602484066,
        "n_samples_in_hdi": 12133
      }
    },
    "S1_phi_rm": {
      "mean": -1.5811856364176515,
      "median": -1.580646525564627,
      "std": 0.6357079011385617,
      "eti_68": [
        -2.2143503394816215,
        -0.9513122236992437
      ],
      "eti_99": [
        -3.2065845190095312,
        0.03358138934765815
      ],
      "mode_1": {
        "mode": -1.6791926557018906,
        "peak_height": 0.6184491933685079,
        "hdi_68": [
          -2.251192195296794,
          -0.9912951537315766
        ],
        "hdi_99": [
          -3.214540189629024,
          0.019191338201019814
        ],
        "posterior_mass": 1.0,
        "likelihood_max": 49.41239873119103,
        "likelihood_std": 0.029904141618914613,
        "n_samples_in_hdi": 12133
      }
    }
  },
  "stokes_i_fit": {
    "model": "power-law",
    "I0": 0.0009320925043327413,
    "I0_err": 1.788794287611764e-05,
    "alpha_lambda2": 0.4718844797772055,
    "alpha_lambda2_err": 0.056190011135513175,
    "alpha_nu": -0.943768959554411,
    "alpha_nu_err": 0.11238002227102635,
    "freq0_GHz": 1.28
  }
}