{"dFDFcorMAD": 1.615414112166036e-05, "phiPeakPIfit_rm2": -2.603185696736797, "dPhiPeakPIfit_rm2": 0.467931907770139, "ampPeakPIfit": 0.00027169214361478464, "ampPeakPIfitEff": 0.00027066785069726, "dAmpPeakPIfit": 1.55414662858476e-05, "snrPIfit": 17.48175742350601, "indxPeakPIfit": 1788.1359812657383, "peakFDFimagFit": -1.9259803343331124e-05, "peakFDFrealFit": -0.0002703785008069606, "polAngleFit_deg": 92.03722683279544, "dPolAngleFit_deg": 1.6387305384995874, "polAngle0Fit_deg": 92.03722683279544, "dPolAngle0Fit_deg": 1.6564470592015539, "cleanCutoff": 0.0001398731965726284, "nIter": 15, "mom2CCFDF": 0.4698796570301056, "dPhiObserved_rm2": 0.48637869390290484, "dAmpObserved": 1.615414112166036e-05, "dPolAngleFitObserved_deg": 1.7033324843617268, "dPolAngleFit0Observed_deg": 1.7217474247760043}