{
  "metadata": {
    "model_type": "S",
    "n_components": 1,
    "component_names": [
      "S1"
    ],
    "n_params": 3,
    "n_data": 340,
    "n_iter": 13371,
    "n_eff": 10293.77796979064,
    "ordering_enforced": true
  },
  "sampling_parameters": {
    "sampler_type": "dynamic",
    "n_cores": 15,
    "sampler_kwargs": {
      "bound": "multi",
      "sample": "rwalk",
      "walks": 70,
      "rstate": "Generator(PCG64)"
    },
    "run_kwargs": {
      "dlogz_init": 0.01,
      "nlive_init": 225,
      "nlive_batch": 75,
      "n_effective": 10000,
      "maxiter": null,
      "maxcall": null
    }
  },
  "evidence": {
    "logz": 726.3478832381264,
    "logzerr": 0.07675872593121769
  },
  "model_comparison": {
    "BIC": -1452.5428112289421,
    "AIC": -1464.0296480817728
  },
  "goodness_of_fit": {
    "best_sample": {
      "chi_squared": 274.67490874322095,
      "chi_squared_Q": 132.57726058480128,
      "chi_squared_U": 142.0976481584197,
      "reduced_chi_squared": 0.8150590763893797
    },
    "importance_weighted": {
      "chi_squared_mean": 277.1762859195977,
      "chi_squared_std": 0.20434342997596847,
      "reduced_chi_squared_mean": 0.8224815605922781
    },
    "dof": 337
  },
  "parameters": {
    "S1_a": {
      "parameter_type": "sampled",
      "mean": 0.07166464700573975,
      "std": 0.0023179155280502127,
      "median": 0.07166964717073888,
      "eti_68": [
        0.06936988185530087,
        0.07398835854270568
      ],
      "eti_99": [
        0.06626838589683896,
        0.0770568621666811
      ]
    },
    "S1_b": {
      "parameter_type": "sampled",
      "mean": -0.02412498598778109,
      "std": 0.002441375367935456,
      "median": -0.024133035902104354,
      "eti_68": [
        -0.026551303946776458,
        -0.02171143192398981
      ],
      "eti_99": [
        -0.029777556137207544,
        -0.018476598992006488
      ]
    },
    "S1_phi_rm": {
      "parameter_type": "sampled",
      "mean": -4.069115314301233,
      "std": 0.48347090438632156,
      "median": -4.065756355742543,
      "eti_68": [
        -4.555571856843484,
        -3.5837191048523165
      ],
      "eti_99": [
        -5.200001844524963,
        -2.9725446868652394
      ]
    },
    "S1_p0": {
      "parameter_type": "derived",
      "mean": 0.07565605328432813,
      "std": 0.0023088186978182782,
      "median": 0.07565079094127061,
      "eti_68": [
        0.0733599390962546,
        0.07799489652084893
      ],
      "eti_99": [
        0.0702495090571511,
        0.08105799652374669
      ]
    },
    "S1_psi_0": {
      "parameter_type": "derived",
      "mean": -9.302346899718641,
      "std": 0.9282845462867055,
      "median": -9.303591135241549,
      "eti_68": [
        -10.220910175278771,
        -8.374241386493845
      ],
      "eti_99": [
        -11.484480272812183,
        -7.1396614797228946
      ]
    }
  },
  "processed_parameters": {
    "S1_psi_0": {
      "mean": 2.3548097933567966,
      "median": 2.365435016248953,
      "std": 1.91551495063418,
      "eti_68": [
        0.4153581103879596,
        4.241589732441685
      ],
      "eti_99": [
        -2.5455674619314568,
        7.242834778386729
      ],
      "mode_1": {
        "mode": 2.5797961263059075,
        "peak_height": 11.745917255163679,
        "hdi_68": [
          0.3442771542862038,
          4.1635564924502315
        ],
        "hdi_99": [
          -2.4928347364103156,
          7.275014772361772
        ],
        "posterior_mass": 1.0,
        "likelihood_max": 735.0148240408864,
        "likelihood_std": 0.006016840107046569,
        "n_samples_in_hdi": 13371
      }
    },
    "S1_p0": {
      "mean": 0.07562020140604742,
      "median": 0.0756149700524988,
      "std": 0.0023099151806356038,
      "eti_68": [
        0.07332299905354833,
        0.07796015270186676
      ],
      "eti_99": [
        0.06963492675691359,
        0.08158456622060008
      ],
      "mode_1": {
        "mode": 0.07567629144055424,
        "peak_height": 170.1939478135147,
        "hdi_68": [
          0.07316317762102857,
          0.07778655995802547
        ],
        "hdi_99": [
          0.06966353483785673,
          0.08159117502279277
        ],
        "posterior_mass": 1.0,
        "likelihood_max": 735.0148240408864,
        "likelihood_std": 0.006016840107046569,
        "n_samples_in_hdi": 13371
      }
    },
    "S1_phi_rm": {
      "mean": -4.069115314301212,
      "median": -4.065756355742542,
      "std": 0.48347090438629015,
      "eti_68": [
        -4.555571856843474,
        -3.583719104852339
      ],
      "eti_99": [
        -5.292624124504266,
        -2.8389730773952224
      ],
      "mode_1": {
        "mode": -4.0088901481219255,
        "peak_height": 0.8094069373959314,
        "hdi_68": [
          -4.594027773908975,
          -3.628762445941833
        ],
        "hdi_99": [
          -5.292650045114396,
          -2.8391739250490193
        ],
        "posterior_mass": 1.0,
        "likelihood_max": 735.0148240408864,
        "likelihood_std": 0.006016840107046569,
        "n_samples_in_hdi": 13371
      }
    }
  },
  "stokes_i_fit": {
    "model": "power-law",
    "I0": 0.006641602422577242,
    "I0_err": 1.9328478808801484e-05,
    "alpha_lambda2": 0.3861772166003996,
    "alpha_lambda2_err": 0.008722128985072526,
    "alpha_nu": -0.7723544332007992,
    "alpha_nu_err": 0.017444257970145052,
    "freq0_GHz": 1.28
  }
}