{"dFDFcorMAD": 1.5845462257857434e-05, "phiPeakPIfit_rm2": 3.069868427679199, "dPhiPeakPIfit_rm2": 1.737503073257955, "ampPeakPIfit": 7.26658276241969e-05, "ampPeakPIfitEff": 7.26658276241969e-05, "dAmpPeakPIfit": 1.5420629938774387e-05, "snrPIfit": 4.712247678123861, "indxPeakPIfit": 1752.149130393424, "peakFDFimagFit": -6.437118643685803e-05, "peakFDFrealFit": 3.3426220162744726e-05, "polAngleFit_deg": 148.72081724781043, "dPolAngleFit_deg": 6.079453312595628, "polAngle0Fit_deg": 148.72081724781043, "dPolAngle0Fit_deg": 6.145179042322894, "cleanCutoff": 0.00013878566944896948, "nIter": 0, "mom2CCFDF": NaN, "dPhiObserved_rm2": 1.785370602856734, "dAmpObserved": 1.5845462257857434e-05, "dPolAngleFitObserved_deg": 6.24693987182191, "dPolAngleFit0Observed_deg": 6.314476319677705}