{"dFDFcorMAD": 1.5845462257857434e-05, "phiPeakPIfit_rm2": 3.069868427679199, "dPhiPeakPIfit_rm2": 1.737503073257955, "ampPeakPIfit": 7.26658276241969e-05, "ampPeakPIfitEff": 7.26658276241969e-05, "dAmpPeakPIfit": 1.5420629938774387e-05, "snrPIfit": 4.712247678123861, "indxPeakPIfit": 1752.149130393424, "peakFDFimagFit": -6.437118643685803e-05, "peakFDFrealFit": 3.3426220162744726e-05, "polAngleFit_deg": 148.72081724781043, "dPolAngleFit_deg": 6.079453312595628, "polAngle0Fit_deg": 148.72081724781043, "dPolAngle0Fit_deg": 6.145179042322894, "Ifreq0": 0.0013479021197182741, "polyCoeffs": "0.0,-93.74663,-22.409395,1.7487223,-0.42111307,0.0013479021", "polyCoefferr": "0.0,261.35184,15.972474,4.0235085,0.15717177,3.5623005e-05", "polyOrd": 4, "IfitStat": 1, "IfitChiSqRed": 0.9949356652413441, "fit_function": "log", "lam0Sq_m2": 0, "freq0_Hz": 1225110217.2265584, "fwhmRMSF": 16.375089645385742, "dQU": 0.00010575000487733632, "dFDFth": 1.5420629938774387e-05, "units": "Jy/beam", "min_freq": 916174464.0, "max_freq": 1651799424.0, "N_channels": 48, "median_channel_width": 13374976.0, "fracPol": 0.053910314822700055, "sigmaAddQ": 0.03595411390773911, "dSigmaAddMinusQ": 0.03002324968787924, "dSigmaAddPlusQ": 0.17644325036487588, "sigmaAddU": 0.024656334558869702, "dSigmaAddMinusU": 0.01909522675154921, "dSigmaAddPlusU": 0.10285360251243336, "sigmaAddC": 0.02478262978905149, "dSigmaAddMinusC": 0.01852526121144278, "dSigmaAddPlusC": 0.09665646552883761}