{"dFDFcorMAD": 0.08862891793251038, "phiPeakPIfit_rm2": -4.483621121718428, "dPhiPeakPIfit_rm2": 0.0003092696163558881, "ampPeakPIfit": 1.5227981932076229, "ampPeakPIfitEff": 1.5227981910010444, "dAmpPeakPIfit": 5.405451063757554e-05, "snrPIfit": 28171.52861520982, "indxPeakPIfit": 1786.7894899107187, "peakFDFimagFit": 1.2973418098116853, "peakFDFrealFit": 0.7902368822373214, "polAngleFit_deg": 29.32678443200159, "dPolAngleFit_deg": 0.0010169093110934048, "polAngle0Fit_deg": 29.32678443200159, "dPolAngle0Fit_deg": 0.0010261122978713387, "Ifreq0": 15.964755017383075, "polyCoeffs": "0.0,-16.34645,-1.2406677,0.19154143,-0.50530654,15.964755", "polyCoefferr": "0.0,0.7425474,0.066239625,0.009263978,0.0005677375,0.00083640835", "polyOrd": 4, "IfitStat": 1, "IfitChiSqRed": 3.3228896140320177, "fit_function": "log", "lam0Sq_m2": 0, "freq0_Hz": 1219114633.794723, "fwhmRMSF": 17.425195693969727, "dQU": 0.00038350000977516174, "dFDFth": 5.405451063757554e-05, "units": "Jy/beam", "min_freq": 902799424.0, "max_freq": 1651799424.0, "N_channels": 57, "median_channel_width": 13374976.0, "fracPol": 0.09538500210889299, "sigmaAddQ": 210.21640303102973, "dSigmaAddMinusQ": 18.472085834196974, "dSigmaAddPlusQ": 21.6167105526969, "sigmaAddU": 78.95482103166319, "dSigmaAddMinusU": 6.936060479821933, "dSigmaAddPlusU": 8.117564667536044, "sigmaAddC": 158.22116971278612, "dSigmaAddMinusC": 10.02939184544141, "dSigmaAddPlusC": 11.205992239187395}