{"dFDFcorMAD": 3.395944077055901e-05, "phiPeakPIfit_rm2": -8.232685548626616, "dPhiPeakPIfit_rm2": 0.07089339543744075, "ampPeakPIfit": 0.002118954549249182, "ampPeakPIfitEff": 0.002118812836853444, "dAmpPeakPIfit": 1.6158779668505823e-05, "snrPIfit": 131.13332768433733, "indxPeakPIfit": 1618.6516154746475, "peakFDFimagFit": 0.0011408644064701066, "peakFDFrealFit": 0.00177579083053391, "polAngleFit_deg": 16.359445175417765, "dPolAngleFit_deg": 0.2184638357191853, "polAngle0Fit_deg": 16.359445175417765, "dPolAngle0Fit_deg": 0.21887103800304758, "cleanCutoff": 0.00022622291535908152, "nIter": 84, "mom2CCFDF": 76.70140838623047, "dPhiObserved_rm2": 0.14899021539812884, "dAmpObserved": 3.395944077055901e-05, "dPolAngleFitObserved_deg": 0.45912561726889506, "dPolAngleFit0Observed_deg": 0.45998139735403415}