{"dFDFcorMAD": 0.00010791502427309752, "phiPeakPIfit_rm2": -7.541253683806488, "dPhiPeakPIfit_rm2": 0.05648825328850937, "ampPeakPIfit": 0.0026593118751017113, "ampPeakPIfitEff": 0.002659198959252225, "dAmpPeakPIfit": 1.6158779668505823e-05, "snrPIfit": 164.5738062933569, "indxPeakPIfit": 1619.1008058434422, "peakFDFimagFit": 0.0013330036250422536, "peakFDFrealFit": 0.0022971636642342345, "polAngleFit_deg": 15.062919353651127, "dPolAngleFit_deg": 0.1740732040035313, "polAngle0Fit_deg": 15.062919353651127, "dPolAngle0Fit_deg": 0.17439766505675833, "Ifreq0": 0.8753415355439512, "polyCoeffs": "0.0,-1.7773745,-0.6508455,0.2233908,-0.07722854,0.87534153", "polyCoefferr": "0.0,0.7161999,0.0457542,0.00908107,0.00035944654,4.5955392e-05", "polyOrd": 4, "IfitStat": 1, "IfitChiSqRed": 2.0846366453826253, "fit_function": "log", "lam0Sq_m2": 0, "freq0_Hz": 1239636430.0372527, "fwhmRMSF": 18.592973709106445, "dQU": 0.0002620000159367919, "dFDFth": 1.6158779668505823e-05, "units": "Jy/beam", "min_freq": 963800000.0, "max_freq": 1645900032.0, "N_channels": 270, "median_channel_width": 1699968.0, "fracPol": 0.003037898752970469, "sigmaAddQ": 2.9133880693345833, "dSigmaAddMinusQ": 0.13691168718388447, "dSigmaAddPlusQ": 0.1463866930908031, "sigmaAddU": 2.465400441573156, "dSigmaAddMinusU": 0.12083052241049241, "dSigmaAddPlusU": 0.12891271092146672, "sigmaAddC": 2.6969012074134326, "dSigmaAddMinusC": 0.09194659916260628, "dSigmaAddPlusC": 0.09661982577614525}